site,area,plot_type,plot_ID,latitude,longitude,easting,northing,measurement_date,time,landscape_position,chamber_type,flux_CO2,flux_CH4,instrument,date,FCO2,FCH4,inundated,standing_water_depth,soil_temp_10_cm,soil_temp_15_cm,soil_temp_20_cm,air_temp,thawdepth,VWC,Ka
CN_MM71,CN_MM71_BGC,BGC,BGC_1,64.85995,-163.70358,561451,7193476,2016-08-03,17:25,upland,Opq,2.464,-0.059,LGR,2016-08-03 17:25:00,2.9568e-05,-7.08e-10,NA,NA,NA,NA,NA,NA,NA,NA,NA
CN_MM71,CN_MM71_BGC,BGC,BGC_1,64.85995,-163.70358,561451,7193476,2016-08-03,17:19,upland,Trns,1.12,-0.16,LGR,2016-08-03 17:19:00,1.344e-05,-1.92e-09,NA,NA,NA,NA,NA,NA,NA,NA,NA
CN_MM71,CN_MM71_BGC,BGC,BGC_10,64.85963,-163.69995,561624,7193444,2016-08-03,15:02,upland,Trns,-0.844,-0.74,LGR,2016-08-03 15:02:00,-1.0128e-05,-8.88e-09,N,0,5.8,NA,NA,16.7,58,29.4,16.9
CN_MM71,CN_MM71_BGC,BGC,BGC_10,64.85963,-163.69995,561624,7193444,2016-08-03,15:12,upland,Opq,1.624,-0.416,LGR,2016-08-03 15:12:00,1.9488e-05,-4.992e-09,N,0,5.8,NA,NA,16.7,58,29.4,16.9
CN_MM71,CN_MM71_BGC,BGC,BGC_11,64.85941,-163.70348,561457,7193416,2016-08-03,14:59,slope,Trns,-0.485,146.418,LGR,2016-08-03 14:59:00,-5.82e-06,1.757016e-06,Y,2,NA,NA,NA,16.7,80,NA,NA
CN_MM71,CN_MM71_BGC,BGC,BGC_11,64.85941,-163.70348,561457,7193416,2016-08-03,15:18,slope,Opq,1.082,139.19,LGR,2016-08-03 15:18:00,1.2984e-05,1.67028e-06,Y,2,NA,NA,NA,16.7,80,NA,NA
CN_MM71,CN_MM71_BGC,BGC,BGC_12,64.85974,-163.69836,561699,7193458,2016-08-03,14:05,lowland,Trns,-0.541,1.145,LGR,2016-08-03 14:05:00,-6.492e-06,1.374e-08,N,0,7,NA,NA,16.7,46,57.8,36.5
CN_MM71,CN_MM71_BGC,BGC,BGC_12,64.85974,-163.69836,561699,7193458,2016-08-03,14:13,lowland,Opq,1.985,1.037,LGR,2016-08-03 14:13:00,2.382e-05,1.2444e-08,N,0,7,NA,NA,16.7,46,57.8,36.5
CN_MM71,CN_MM71_BGC,BGC,BGC_14,64.86012,-163.69757,561736,7193501,2016-08-03,14:25,upland,Opq,3.346,-2.43,LGR,2016-08-03 14:25:00,4.0152e-05,-2.916e-08,N,0,7.2,NA,NA,16.2,79,35,21.2
CN_MM71,CN_MM71_BGC,BGC,BGC_14,64.86012,-163.69757,561736,7193501,2016-08-03,13:54,upland,Trns,1.333,-1.438,LGR,2016-08-03 13:54:00,1.5996e-05,-1.7256e-08,N,0,7.2,NA,NA,16.2,79,35,21.2
CN_MM71,CN_MM71_BGC,BGC,BGC_15,64.85999,-163.69698,561764,7193487,2016-08-03,14:38,upland,Opq,1.123,0.086,LGR,2016-08-03 14:38:00,1.3476e-05,1.032e-09,N,0,5.2,NA,NA,16.2,56,34.4,20.8
CN_MM71,CN_MM71_BGC,BGC,BGC_15,64.85999,-163.69698,561764,7193487,2016-08-03,13:43,upland,Trns,-0.578,0.17,LGR,2016-08-03 13:43:00,-6.936e-06,2.04e-09,N,0,5.2,NA,NA,16.2,56,34.4,20.8
CN_MM71,CN_MM71_BGC,BGC,BGC_16,64.85915,-163.69208,561998,7193398,2016-08-03,18:50,slope,Trns,0.418,0.784,LGR,2016-08-03 18:50:00,5.016e-06,9.408e-09,N,0,10.8,NA,NA,18.3,53,NA,NA
CN_MM71,CN_MM71_BGC,BGC,BGC_16,64.85915,-163.69208,561998,7193398,2016-08-03,18:59,slope,Opq,1.438,0.727,LGR,2016-08-03 18:59:00,1.7256e-05,8.724e-09,N,0,10.8,NA,NA,18.3,53,NA,NA
CN_MM71,CN_MM71_BGC,BGC,BGC_2,64.85983,-163.70351,561455,7193463,2016-08-03,17:07,slope,Opq,2.523,-0.086,LGR,2016-08-03 17:07:00,3.0276e-05,-1.032e-09,N,0,5.2,NA,NA,18.4,37,9.4,5.8
CN_MM71,CN_MM71_BGC,BGC,BGC_2,64.85983,-163.70351,561455,7193463,2016-08-03,16:59,slope,Trns,1.11,0.053,LGR,2016-08-03 16:59:00,1.332e-05,6.36e-10,N,0,5.2,NA,NA,18.4,37,9.4,5.8
CN_MM71,CN_MM71_BGC,BGC,BGC_4,64.85978,-163.69829,561702,7193462,2016-08-03,16:34,upland,Trns,-0.398,20.358,LGR,2016-08-03 16:34:00,-4.776e-06,2.44296e-07,N,0,NA,NA,NA,17.7,80,NA,NA
CN_MM71,CN_MM71_BGC,BGC,BGC_4,64.85978,-163.69829,561702,7193462,2016-08-03,16:41,upland,Opq,0.778,8.075,LGR,2016-08-03 16:41:00,9.336e-06,9.69e-08,N,0,NA,NA,NA,17.7,80,NA,NA
CN_MM71,CN_MM71_BGC,BGC,BGC_5,64.85936,-163.70338,561462,7193410,2016-08-03,16:17,slope,Opq,2.224,-0.686,LGR,2016-08-03 16:17:00,2.6688e-05,-8.232e-09,N,0,7.6,NA,NA,17.3,57,13.3,7.2
CN_MM71,CN_MM71_BGC,BGC,BGC_5,64.85936,-163.70338,561462,7193410,2016-08-03,16:04,slope,Trns,1.116,-0.184,LGR,2016-08-03 16:04:00,1.3392e-05,-2.208e-09,N,0,7.6,NA,NA,17.3,57,13.3,7.2
CN_MM71,CN_MM71_BGC,BGC,BGC_6,64.85941,-163.70335,561464,7193416,2016-08-03,15:59,lowland,Trns,0.703,-0.154,LGR,2016-08-03 15:59:00,8.436e-06,-1.848e-09,Y,6,7.1,NA,NA,17,59,31.3,20.7
CN_MM71,CN_MM71_BGC,BGC,BGC_9,64.85976,-163.70061,561593,7193458,2016-08-03,15:33,upland,Trns,-0.501,-0.311,LGR,2016-08-03 15:33:00,-6.012e-06,-3.732e-09,N,0,4.5,NA,NA,17,56,26.9,14.5
CN_MM71,CN_MM71_BGC,BGC,BGC_9,64.85976,-163.70061,561593,7193458,2016-08-03,15:39,upland,Opq,1.027,0.036,LGR,2016-08-03 15:39:00,1.2324e-05,4.32e-10,N,0,4.5,NA,NA,17,56,26.9,14.5
CN_MM71,CN_MM71_BGC,BGC,BGC_1,64.85995,-163.70358,561451,7193476,2016-08-04,15:07,upland,Trns,-0.27,-0.336,LGR,2016-08-04 15:07:00,-3.24e-06,-4.032e-09,N,0,10.3,NA,NA,20.1,45,30.6,17.9
CN_MM71,CN_MM71_BGC,BGC,BGC_1,64.85995,-163.70358,561451,7193476,2016-08-04,15:11,upland,Opq,1.591,-0.027,LGR,2016-08-04 15:11:00,1.9092e-05,-3.24e-10,N,0,10.3,NA,NA,20.1,45,30.6,17.9
CN_MM71,CN_MM71_BGC,BGC,BGC_10,64.85963,-163.69995,561624,7193444,2016-08-04,16:59,upland,Trns,0.534,-0.823,LGR,2016-08-04 16:59:00,6.408e-06,-9.876e-09,N,0,8.1,NA,NA,6.2,58,64,41.6
CN_MM71,CN_MM71_BGC,BGC,BGC_10,64.85963,-163.69995,561624,7193444,2016-08-04,17:06,upland,Opq,1.569,-0.74,LGR,2016-08-04 17:06:00,1.8828e-05,-8.88e-09,N,0,8.1,NA,NA,6.2,58,64,41.6
CN_MM71,CN_MM71_BGC,BGC,BGC_11,64.85941,-163.70348,561457,7193416,2016-08-04,17:12,slope,Trns,-2.178,177.907,LGR,2016-08-04 17:12:00,-2.6136e-05,2.134884e-06,N,0,12.1,NA,NA,6.2,80,77.7,56.5
CN_MM71,CN_MM71_BGC,BGC,BGC_11,64.85941,-163.70348,561457,7193416,2016-08-04,17:18,slope,Opq,0.839,126.339,LGR,2016-08-04 17:18:00,1.0068e-05,1.516068e-06,N,0,12.1,NA,NA,6.2,80,77.7,56.5
CN_MM71,CN_MM71_BGC,BGC,BGC_12,64.85974,-163.69836,561699,7193458,2016-08-04,17:34,lowland,Opq,1.822,0.864,LGR,2016-08-04 17:34:00,2.1864e-05,1.0368e-08,Y,19,7.9,NA,NA,7.8,46,73.7,51.8
CN_MM71,CN_MM71_BGC,BGC,BGC_13,64.8597,-163.70341,561460,7193448,2016-08-04,17:45,upland,Trns,-1.74,85.875,LGR,2016-08-04 17:45:00,-2.088e-05,1.0305e-06,Y,6,9.6,NA,NA,6.8,80,86.3,67.3
CN_MM71,CN_MM71_BGC,BGC,BGC_13,64.8597,-163.70341,561460,7193448,2016-08-04,17:52,upland,Opq,0.83,52.313,LGR,2016-08-04 17:52:00,9.96e-06,6.27756e-07,Y,6,9.6,NA,NA,6.8,80,86.3,67.3
CN_MM71,CN_MM71_BGC,BGC,BGC_14,64.86012,-163.69757,561736,7193501,2016-08-04,18:18,upland,Trns,1.18,-2.02,LGR,2016-08-04 18:18:00,1.416e-05,-2.424e-08,N,0,6.7,NA,NA,8.2,79,36.6,22.7
CN_MM71,CN_MM71_BGC,BGC,BGC_14,64.86012,-163.69757,561736,7193501,2016-08-04,18:23,upland,Opq,1.107,-1.058,LGR,2016-08-04 18:23:00,1.3284e-05,-1.2696e-08,N,0,6.7,NA,NA,8.2,79,36.6,22.7
CN_MM71,CN_MM71_BGC,BGC,BGC_15,64.85999,-163.69698,561764,7193487,2016-08-04,18:35,upland,Opq,0.688,0.082,LGR,2016-08-04 18:35:00,8.256e-06,9.84e-10,N,0,4.6,NA,NA,8.2,56,65.8,43.3
CN_MM71,CN_MM71_BGC,BGC,BGC_15,64.85999,-163.69698,561764,7193487,2016-08-04,18:30,upland,Trns,-14.883,-69.768,LGR,2016-08-04 18:30:00,-0.000178596,-8.37216e-07,N,0,4.6,NA,NA,8.2,56,65.8,43.3
CN_MM71,CN_MM71_BGC,BGC,BGC_16,64.85915,-163.69208,561998,7193398,2016-08-04,14:02,slope,Trns,-1.669,-5.318,LGR,2016-08-04 14:02:00,-2.0028e-05,-6.3816e-08,N,0,5.8,NA,NA,18.4,53,43.3,27.3
CN_MM71,CN_MM71_BGC,BGC,BGC_16,64.85915,-163.69208,561998,7193398,2016-08-04,14:07,slope,Opq,0.618,0.464,LGR,2016-08-04 14:07:00,7.416e-06,5.568e-09,N,0,5.8,NA,NA,18.4,53,43.3,27.3
CN_MM71,CN_MM71_BGC,BGC,BGC_17,64.85904,-163.69142,562030,7193386,2016-08-04,13:53,lowland,Opq,1.352,0.348,LGR,2016-08-04 13:53:00,1.6224e-05,4.176e-09,N,0,5.7,NA,NA,18.4,56,45.2,28.2
CN_MM71,CN_MM71_BGC,BGC,BGC_17,64.85904,-163.69142,562030,7193386,2016-08-04,13:47,lowland,Trns,-0.484,0.727,LGR,2016-08-04 13:47:00,-5.808e-06,8.724e-09,N,0,5.7,NA,NA,18.4,56,45.2,28.2
CN_MM71,CN_MM71_BGC,BGC,BGC_18,64.85911,-163.69101,562049,7193395,2016-08-04,13:39,upland,Opq,0.855,-0.265,LGR,2016-08-04 13:39:00,1.026e-05,-3.18e-09,N,0,4.7,NA,NA,18.4,54,31.7,18.7
CN_MM71,CN_MM71_BGC,BGC,BGC_19,64.85921,-163.69075,562061,7193406,2016-08-04,13:01,slope,Opq,3.22,-0.244,LGR,2016-08-04 13:01:00,3.864e-05,-2.928e-09,N,0,9.2,NA,NA,18.4,73,52,33.3
CN_MM71,CN_MM71_BGC,BGC,BGC_19,64.85921,-163.69075,562061,7193406,2016-08-04,12:55,slope,Trns,0.882,-0.442,LGR,2016-08-04 12:55:00,1.0584e-05,-5.304e-09,N,0,9.2,NA,NA,18.4,73,52,33.3
CN_MM71,CN_MM71_BGC,BGC,BGC_2,64.85983,-163.70351,561455,7193463,2016-08-04,15:20,slope,Trns,1.545,-0.392,LGR,2016-08-04 15:20:00,1.854e-05,-4.704e-09,N,0,6.8,NA,NA,20.5,37,76.2,54.8
CN_MM71,CN_MM71_BGC,BGC,BGC_2,64.85983,-163.70351,561455,7193463,2016-08-04,15:24,slope,Opq,1.455,-0.183,LGR,2016-08-04 15:24:00,1.746e-05,-2.196e-09,N,0,6.8,NA,NA,20.5,37,76.2,54.8
CN_MM71,CN_MM71_BGC,BGC,BGC_20,64.85937,-163.69061,562067,7193424,2016-08-04,13:17,lowland,Opq,1.594,30.782,LGR,2016-08-04 13:17:00,1.9128e-05,3.69384e-07,Y,7,9.7,NA,NA,18.4,80,80.8,60.3
CN_MM71,CN_MM71_BGC,BGC,BGC_20,64.85937,-163.69061,562067,7193424,2016-08-04,13:09,lowland,Trns,0.169,28.578,LGR,2016-08-04 13:09:00,2.028e-06,3.42936e-07,Y,7,9.7,NA,NA,18.4,80,80.8,60.3
CN_MM71,CN_MM71_BGC,BGC,BGC_3,64.86009,-163.69769,561730,7193497,2016-08-04,15:38,lowland,Opq,0.725,36.551,LGR,2016-08-04 15:38:00,8.7e-06,4.38612e-07,Y,5,7.1,NA,NA,20.5,80,81.5,61.1
CN_MM71,CN_MM71_BGC,BGC,BGC_3,64.86009,-163.69769,561730,7193497,2016-08-04,15:33,lowland,Trns,-0.859,53.348,LGR,2016-08-04 15:33:00,-1.0308e-05,6.40176e-07,Y,5,7.1,NA,NA,20.5,80,81.5,61.1
CN_MM71,CN_MM71_BGC,BGC,BGC_4,64.85978,-163.69829,561702,7193462,2016-08-04,15:57,upland,Opq,0.585,30.953,LGR,2016-08-04 15:57:00,7.02e-06,3.71436e-07,Y,6,7.7,NA,NA,20.5,80,79.7,58.9
CN_MM71,CN_MM71_BGC,BGC,BGC_5,64.85936,-163.70338,561462,7193410,2016-08-04,16:23,slope,Opq,0.708,-0.134,LGR,2016-08-04 16:23:00,8.496e-06,-1.608e-09,N,0,9.3,NA,NA,20.5,57,18.6,9.4
CN_MM71,CN_MM71_BGC,BGC,BGC_5,64.85936,-163.70338,561462,7193410,2016-08-04,16:05,slope,Trns,0.432,-0.235,LGR,2016-08-04 16:05:00,5.184e-06,-2.82e-09,N,0,9.3,NA,NA,20.5,57,18.6,9.4
CN_MM71,CN_MM71_BGC,BGC,BGC_6,64.85941,-163.70335,561464,7193416,2016-08-04,16:28,lowland,Opq,0.362,-0.139,LGR,2016-08-04 16:28:00,4.344e-06,-1.668e-09,N,0,8,NA,NA,20.5,59,57.7,36.5
CN_MM71,CN_MM71_BGC,BGC,BGC_6,64.85941,-163.70335,561464,7193416,2016-08-04,16:13,lowland,Trns,0.382,-0.247,LGR,2016-08-04 16:13:00,4.584e-06,-2.964e-09,N,0,8,NA,NA,20.5,59,57.7,36.5
CN_MM71,CN_MM71_BGC,BGC,BGC_9,64.85976,-163.70061,561593,7193458,2016-08-04,16:46,upland,Opq,0.561,-0.015,LGR,2016-08-04 16:46:00,6.732e-06,-1.8e-10,N,0,8.3,NA,NA,20.3,56,83.4,63.5
CN_MM71,CN_MM71_BGC,BGC,BGC_9,64.85976,-163.70061,561593,7193458,2016-08-04,16:42,upland,Trns,-0.634,-0.344,LGR,2016-08-04 16:42:00,-7.608e-06,-4.128e-09,N,0,8.3,NA,NA,20.3,56,83.4,63.5
CN_MM71,CN_MM71_BGC,BGC,BGC_1,64.85995,-163.70358,561451,7193476,2016-09-14,10:46,upland,Opq,0.301,0.118,LGR,2016-09-14 10:46:00,3.612e-06,1.416e-09,N,0,2.7,NA,NA,3.7,49,8.9,5.5
CN_MM71,CN_MM71_BGC,BGC,BGC_1,64.85995,-163.70358,561451,7193476,2016-09-14,10:46,upland,Trns,-0.24,0.032,LGR,2016-09-14 10:46:00,-2.88e-06,3.84e-10,N,0,2.7,NA,NA,3.7,49,8.9,5.5
CN_MM71,CN_MM71_BGC,BGC,BGC_10,64.85963,-163.69995,561624,7193444,2016-09-14,12:57,upland,Opq,0.856,-1.023,LGR,2016-09-14 12:57:00,1.0272e-05,-1.2276e-08,N,0,2.8,NA,NA,6.2,80,12,6.7
CN_MM71,CN_MM71_BGC,BGC,BGC_10,64.85963,-163.69995,561624,7193444,2016-09-14,12:57,upland,Trns,0.309,-1.67,LGR,2016-09-14 12:57:00,3.708e-06,-2.004e-08,N,0,2.8,NA,NA,6.2,80,12,6.7
CN_MM71,CN_MM71_BGC,BGC,BGC_11,64.85941,-163.70348,561457,7193416,2016-09-14,13:15,slope,Opq,0.702,122.7,LGR,2016-09-14 13:15:00,8.424e-06,1.4724e-06,N,0,4.7,NA,NA,6.2,80,64.1,41.7
CN_MM71,CN_MM71_BGC,BGC,BGC_11,64.85941,-163.70348,561457,7193416,2016-09-14,13:15,slope,Trns,0.515,152.201,LGR,2016-09-14 13:15:00,6.18e-06,1.826412e-06,N,0,4.7,NA,NA,6.2,80,64.1,41.7
CN_MM71,CN_MM71_BGC,BGC,BGC_12,64.85974,-163.69836,561699,7193458,2016-09-14,13:44,lowland,Opq,0.661,2.25,LGR,2016-09-14 13:44:00,7.932e-06,2.7e-08,Y,19,4,NA,NA,7.8,60,45.4,28.3
CN_MM71,CN_MM71_BGC,BGC,BGC_12,64.85974,-163.69836,561699,7193458,2016-09-14,13:44,lowland,Trns,0.255,2.07,LGR,2016-09-14 13:44:00,3.06e-06,2.484e-08,Y,19,4,NA,NA,7.8,60,45.4,28.3
CN_MM71,CN_MM71_BGC,BGC,BGC_13,64.8597,-163.70341,561460,7193448,2016-09-14,14:04,upland,Opq,0.936,177.737,LGR,2016-09-14 14:04:00,1.1232e-05,2.132844e-06,Y,6,4.6,NA,NA,6.8,80,79,58
CN_MM71,CN_MM71_BGC,BGC,BGC_13,64.8597,-163.70341,561460,7193448,2016-09-14,14:04,upland,Trns,-2.356,249.254,LGR,2016-09-14 14:04:00,-2.8272e-05,2.991048e-06,Y,6,4.6,NA,NA,6.8,80,79,58
CN_MM71,CN_MM71_BGC,BGC,BGC_14,64.86012,-163.69757,561736,7193501,2016-09-14,14:25,upland,Trns,0.265,-1.017,LGR,2016-09-14 14:25:00,3.18e-06,-1.2204e-08,N,0,4.2,NA,NA,8.2,73,21.7,11
CN_MM71,CN_MM71_BGC,BGC,BGC_14,64.86012,-163.69757,561736,7193501,2016-09-14,14:25,upland,Opq,0.363,-0.817,LGR,2016-09-14 14:25:00,4.356e-06,-9.804e-09,N,0,4.2,NA,NA,8.2,73,21.7,11
CN_MM71,CN_MM71_BGC,BGC,BGC_15,64.85999,-163.69698,561764,7193487,2016-09-14,14:41,upland,Opq,0.244,0.338,LGR,2016-09-14 14:41:00,2.928e-06,4.056e-09,N,0,3.2,NA,NA,8.2,51,58.9,37.1
CN_MM71,CN_MM71_BGC,BGC,BGC_15,64.85999,-163.69698,561764,7193487,2016-09-14,14:41,upland,Trns,-0.256,0.243,LGR,2016-09-14 14:41:00,-3.072e-06,2.916e-09,N,0,3.2,NA,NA,8.2,51,58.9,37.1
CN_MM71,CN_MM71_BGC,BGC,BGC_2,64.85983,-163.70351,561455,7193463,2016-09-14,11:00,slope,Trns,0.152,1.217,LGR,2016-09-14 11:00:00,1.824e-06,1.4604e-08,N,0,2.6,NA,NA,4.3,54,9.6,5.8
CN_MM71,CN_MM71_BGC,BGC,BGC_2,64.85983,-163.70351,561455,7193463,2016-09-14,11:00,slope,Opq,0.594,1.651,LGR,2016-09-14 11:00:00,7.128e-06,1.9812e-08,N,0,2.6,NA,NA,4.3,54,9.6,5.8
CN_MM71,CN_MM71_BGC,BGC,BGC_20,64.85937,-163.69061,562067,7193424,2016-09-14,15:20,lowland,Opq,1.758,74.444,LGR,2016-09-14 15:20:00,2.1096e-05,8.93328e-07,NA,NA,NA,NA,NA,NA,NA,NA,NA
CN_MM71,CN_MM71_BGC,BGC,BGC_20,64.85937,-163.69061,562067,7193424,2016-09-14,15:20,lowland,Trns,-0.34,66.9,LGR,2016-09-14 15:20:00,-4.08e-06,8.028e-07,NA,NA,NA,NA,NA,NA,NA,NA,NA
CN_MM71,CN_MM71_BGC,BGC,BGC_3,64.86009,-163.69769,561730,7193497,2016-09-14,11:15,lowland,Opq,0.482,39.924,LGR,2016-09-14 11:15:00,5.784e-06,4.79088e-07,N,0,4.8,NA,NA,4.3,80,59.1,37.2
CN_MM71,CN_MM71_BGC,BGC,BGC_3,64.86009,-163.69769,561730,7193497,2016-09-14,11:15,lowland,Trns,0.009,39.983,LGR,2016-09-14 11:15:00,1.08e-07,4.79796e-07,N,0,4.8,NA,NA,4.3,80,59.1,37.2
CN_MM71,CN_MM71_BGC,BGC,BGC_4,64.85978,-163.69829,561702,7193462,2016-09-14,11:35,upland,Opq,0.52,52.536,LGR,2016-09-14 11:35:00,6.24e-06,6.30432e-07,N,0,5.1,NA,NA,5.7,80,61.7,39.4
CN_MM71,CN_MM71_BGC,BGC,BGC_5,64.85936,-163.70338,561462,7193410,2016-09-14,11:53,slope,Trns,0.294,1.82,LGR,2016-09-14 11:53:00,3.528e-06,2.184e-08,N,0,3.7,NA,NA,5.1,66,12.9,7.1
CN_MM71,CN_MM71_BGC,BGC,BGC_5,64.85936,-163.70338,561462,7193410,2016-09-14,11:53,slope,Opq,0.659,2.417,LGR,2016-09-14 11:53:00,7.908e-06,2.9004e-08,N,0,3.7,NA,NA,5.1,66,12.9,7.1
CN_MM71,CN_MM71_BGC,BGC,BGC_6,64.85941,-163.70335,561464,7193416,2016-09-14,12:00,lowland,Trns,0.066,-0.14,LGR,2016-09-14 12:00:00,7.92e-07,-1.68e-09,N,0,4.3,NA,NA,5.6,65,27.9,15.5
CN_MM71,CN_MM71_BGC,BGC,BGC_6,64.85941,-163.70335,561464,7193416,2016-09-14,12:00,lowland,Opq,0.22,-0.108,LGR,2016-09-14 12:00:00,2.64e-06,-1.296e-09,N,0,4.3,NA,NA,5.6,65,27.9,15.5
CN_MM71,CN_MM71_BGC,BGC,BGC_9,64.85976,-163.70061,561593,7193458,2016-09-14,12:36,upland,Opq,0.127,0.976,LGR,2016-09-14 12:36:00,1.524e-06,1.1712e-08,N,0,3.6,NA,NA,7.2,64,19.3,9.7
CN_MM71,CN_MM71_BGC,BGC,BGC_9,64.85976,-163.70061,561593,7193458,2016-09-14,12:36,upland,Trns,0.077,1.418,LGR,2016-09-14 12:36:00,9.24e-07,1.7016e-08,N,0,3.6,NA,NA,7.2,64,19.3,9.7
CN_MM71,CN_MM71_BGC,BGC,BGC_1,64.85995,-163.70358,561451,7193476,2017-06-19,14:34,upland,Opq,1.009,-0.075,LGR,2017-06-19 14:34:00,1.2108e-05,-9e-10,N,0,4.9,NA,0.8,12.4,22,28,10.5
CN_MM71,CN_MM71_BGC,BGC,BGC_1,64.85995,-163.70358,561451,7193476,2017-06-19,14:34,upland,Trns,1.991,20.206,LGR,2017-06-19 14:34:00,2.3892e-05,2.42472e-07,N,0,4.9,NA,0.8,12.4,22,28,10.5
CN_MM71,CN_MM71_BGC,BGC,BGC_10,64.85963,-163.69995,561624,7193444,2017-06-19,16:55,upland,Trns,0.323,-0.812,LGR,2017-06-19 16:55:00,3.876e-06,-9.744e-09,N,0,3,NA,0.6,14.3,30,26.8,14.5
CN_MM71,CN_MM71_BGC,BGC,BGC_10,64.85963,-163.69995,561624,7193444,2017-06-19,16:55,upland,Opq,1.778,-0.647,LGR,2017-06-19 16:55:00,2.1336e-05,-7.764e-09,N,0,3,NA,0.6,14.3,30,26.8,14.5
CN_MM71,CN_MM71_BGC,BGC,BGC_11,64.85941,-163.70348,561457,7193416,2017-06-19,17:11,slope,Trns,-0.927,154.804,LGR,2017-06-19 17:11:00,-1.1124e-05,1.857648e-06,N,0,7.1,NA,3.4,15.4,36,70.4,47.9
CN_MM71,CN_MM71_BGC,BGC,BGC_11,64.85941,-163.70348,561457,7193416,2017-06-19,17:11,slope,Opq,2.186,149.182,LGR,2017-06-19 17:11:00,2.6232e-05,1.790184e-06,N,0,7.1,NA,3.4,15.4,36,70.4,47.9
CN_MM71,CN_MM71_BGC,BGC,BGC_12,64.85974,-163.69836,561699,7193458,2017-06-19,17:49,lowland,Opq,1.456,2.482,LGR,2017-06-19 17:49:00,1.7472e-05,2.9784e-08,N,0,8.2,NA,1.8,15.7,25,37.2,23.2
CN_MM71,CN_MM71_BGC,BGC,BGC_12,64.85974,-163.69836,561699,7193458,2017-06-19,17:49,lowland,Trns,-0.492,2.814,LGR,2017-06-19 17:49:00,-5.904e-06,3.3768e-08,N,0,8.2,NA,1.8,15.7,25,37.2,23.2
CN_MM71,CN_MM71_BGC,BGC,BGC_13,64.8597,-163.70341,561460,7193448,2017-06-19,18:18,upland,Trns,-0.987,102.196,LGR,2017-06-19 18:18:00,-1.1844e-05,1.226352e-06,Y,6,6.9,NA,3,15.7,35,72.6,50.5
CN_MM71,CN_MM71_BGC,BGC,BGC_13,64.8597,-163.70341,561460,7193448,2017-06-19,18:18,upland,Opq,1.673,121.273,LGR,2017-06-19 18:18:00,2.0076e-05,1.455276e-06,Y,6,6.9,NA,3,15.7,35,72.6,50.5
CN_MM71,CN_MM71_BGC,BGC,BGC_14,64.86012,-163.69757,561736,7193501,2017-06-19,18:37,upland,Trns,0.128,-0.794,LGR,2017-06-19 18:37:00,1.536e-06,-9.528e-09,N,0,6,NA,0.3,15.7,18,2.3,2.8
CN_MM71,CN_MM71_BGC,BGC,BGC_14,64.86012,-163.69757,561736,7193501,2017-06-19,18:37,upland,Opq,1.909,-1.923,LGR,2017-06-19 18:37:00,2.2908e-05,-2.3076e-08,N,0,6,NA,0.3,15.7,18,2.3,2.8
CN_MM71,CN_MM71_BGC,BGC,BGC_15,64.85999,-163.69698,561764,7193487,2017-06-19,19:27,upland,Trns,-0.323,-0.121,LGR,2017-06-19 19:27:00,-3.876e-06,-1.452e-09,N,0,5.8,NA,0.8,12.3,26,22.7,11.5
CN_MM71,CN_MM71_BGC,BGC,BGC_15,64.85999,-163.69698,561764,7193487,2017-06-19,19:27,upland,Opq,0.697,0.18,LGR,2017-06-19 19:27:00,8.364e-06,2.16e-09,N,0,5.8,NA,0.8,12.3,26,22.7,11.5
CN_MM71,CN_MM71_BGC,BGC,BGC_16,64.85915,-163.69208,561998,7193398,2017-06-19,11:24,slope,Opq,0.74,0.015,LGR,2017-06-19 11:24:00,8.88e-06,1.8e-10,N,0,6.4,NA,1.6,10.4,25,25.2,13
CN_MM71,CN_MM71_BGC,BGC,BGC_16,64.85915,-163.69208,561998,7193398,2017-06-19,11:24,slope,Trns,-0.145,0.031,LGR,2017-06-19 11:24:00,-1.74e-06,3.72e-10,N,0,6.4,NA,1.6,10.4,25,25.2,13
CN_MM71,CN_MM71_BGC,BGC,BGC_17,64.85904,-163.69142,562030,7193386,2017-06-19,11:44,lowland,Opq,1.528,-0.754,LGR,2017-06-19 11:44:00,1.8336e-05,-9.048e-09,N,0,4.9,NA,0.1,10.8,21,23.6,12
CN_MM71,CN_MM71_BGC,BGC,BGC_17,64.85904,-163.69142,562030,7193386,2017-06-19,11:44,lowland,Trns,0.648,-0.582,LGR,2017-06-19 11:44:00,7.776e-06,-6.984e-09,N,0,4.9,NA,0.1,10.8,21,23.6,12
CN_MM71,CN_MM71_BGC,BGC,BGC_18,64.85911,-163.69101,562049,7193395,2017-06-19,12:00,upland,Trns,-1.708,-6.058,LGR,2017-06-19 12:00:00,-2.0496e-05,-7.2696e-08,N,0,0.6,NA,-0.2,10.8,18,25.1,12.9
CN_MM71,CN_MM71_BGC,BGC,BGC_18,64.85911,-163.69101,562049,7193395,2017-06-19,12:00,upland,Opq,0.826,-0.123,LGR,2017-06-19 12:00:00,9.912e-06,-1.476e-09,N,0,0.6,NA,-0.2,10.8,18,25.1,12.9
CN_MM71,CN_MM71_BGC,BGC,BGC_19,64.85921,-163.69075,562061,7193406,2017-06-19,12:20,slope,Trns,0.5,1.1,LGR,2017-06-19 12:20:00,6e-06,1.32e-08,N,0,3,NA,0.1,10.8,22,2.9,3
CN_MM71,CN_MM71_BGC,BGC,BGC_19,64.85921,-163.69075,562061,7193406,2017-06-19,12:20,slope,Opq,2.828,-0.051,LGR,2017-06-19 12:20:00,3.3936e-05,-6.12e-10,N,0,3,NA,0.1,10.8,22,2.9,3
CN_MM71,CN_MM71_BGC,BGC,BGC_2,64.85983,-163.70351,561455,7193463,2017-06-19,14:48,slope,Trns,0.064,-0.167,LGR,2017-06-19 14:48:00,7.68e-07,-2.004e-09,N,0,5.5,NA,0.4,12.4,20,32.6,19.4
CN_MM71,CN_MM71_BGC,BGC,BGC_20,64.85937,-163.69061,562067,7193424,2017-06-19,12:43,lowland,Trns,-0.688,12.918,LGR,2017-06-19 12:43:00,-8.256e-06,1.55016e-07,N,0,2.8,NA,0.3,12.5,25,45,28
CN_MM71,CN_MM71_BGC,BGC,BGC_20,64.85937,-163.69061,562067,7193424,2017-06-19,12:43,lowland,Opq,1.931,10.648,LGR,2017-06-19 12:43:00,2.3172e-05,1.27776e-07,N,0,2.8,NA,0.3,12.5,25,45,28
CN_MM71,CN_MM71_BGC,BGC,BGC_3,64.86009,-163.69769,561730,7193497,2017-06-19,15:03,lowland,Trns,-0.376,9.283,LGR,2017-06-19 15:03:00,-4.512e-06,1.11396e-07,N,0,4.4,NA,1.8,12.4,28,64.3,41.7
CN_MM71,CN_MM71_BGC,BGC,BGC_3,64.86009,-163.69769,561730,7193497,2017-06-19,15:03,lowland,Opq,1.572,8.968,LGR,2017-06-19 15:03:00,1.8864e-05,1.07616e-07,N,0,4.4,NA,1.8,12.4,28,64.3,41.7
CN_MM71,CN_MM71_BGC,BGC,BGC_4,64.85978,-163.69829,561702,7193462,2017-06-19,15:21,upland,Trns,-1.107,6.633,LGR,2017-06-19 15:21:00,-1.3284e-05,7.9596e-08,N,0,4.1,NA,1.6,12.9,28,42.4,27.1
CN_MM71,CN_MM71_BGC,BGC,BGC_4,64.85978,-163.69829,561702,7193462,2017-06-19,15:21,upland,Opq,2.685,13.979,LGR,2017-06-19 15:21:00,3.222e-05,1.67748e-07,N,0,4.1,NA,1.6,12.9,28,42.4,27.1
CN_MM71,CN_MM71_BGC,BGC,BGC_5,64.85936,-163.70338,561462,7193410,2017-06-19,15:43,slope,Opq,1.443,-0.178,LGR,2017-06-19 15:43:00,1.7316e-05,-2.136e-09,N,0,5.8,NA,1,12.9,29,9.6,5.8
CN_MM71,CN_MM71_BGC,BGC,BGC_5,64.85936,-163.70338,561462,7193410,2017-06-19,15:43,slope,Trns,0.298,-0.523,LGR,2017-06-19 15:43:00,3.576e-06,-6.276e-09,N,0,5.8,NA,1,12.9,29,9.6,5.8
CN_MM71,CN_MM71_BGC,BGC,BGC_6,64.85941,-163.70335,561464,7193416,2017-06-19,16:00,lowland,Trns,0.188,-0.173,LGR,2017-06-19 16:00:00,2.256e-06,-2.076e-09,N,0,3.7,NA,1.3,12.9,31,33.3,19.8
CN_MM71,CN_MM71_BGC,BGC,BGC_6,64.85941,-163.70335,561464,7193416,2017-06-19,16:00,lowland,Opq,0.805,-0.106,LGR,2017-06-19 16:00:00,9.66e-06,-1.272e-09,N,0,3.7,NA,1.3,12.9,31,33.3,19.8
CN_MM71,CN_MM71_BGC,BGC,BGC_9,64.85976,-163.70061,561593,7193458,2017-06-19,16:26,upland,Trns,-1.67,-0.216,LGR,2017-06-19 16:26:00,-2.004e-05,-2.592e-09,N,0,6.4,NA,0.3,14.3,26,2.9,3.1
CN_MM71,CN_MM71_BGC,BGC,BGC_12,64.85974,-163.69836,561699,7193458,2017-06-21,12:09,lowland,Trns,-0.714,2.982,LGR,2017-06-21 12:09:00,-8.568e-06,3.5784e-08,N,0,4.2,NA,1.2,13.1,25,46,28.8
CN_MM71,CN_MM71_BGC,BGC,BGC_12,64.85974,-163.69836,561699,7193458,2017-06-21,12:09,lowland,Opq,1.042,2.843,LGR,2017-06-21 12:09:00,1.2504e-05,3.4116e-08,N,0,4.2,NA,1.2,13.1,25,46,28.8
CN_MM71,CN_MM71_BGC,BGC,BGC_9,64.85976,-163.70061,561593,7193458,2017-06-21,12:34,upland,Trns,-1.831,0.061,LGR,2017-06-21 12:34:00,-2.1972e-05,7.32e-10,N,0,4,NA,0.2,11.9,28,2.9,3.1
CN_MM71,CN_MM71_BGC,BGC,BGC_9,64.85976,-163.70061,561593,7193458,2017-06-21,12:34,upland,Opq,1.317,0.069,LGR,2017-06-21 12:34:00,1.5804e-05,8.28e-10,N,0,4,NA,0.2,11.9,28,2.9,3.1
CN_MM71,CN_MM71_MW,MW,MW_C,64.860663,-163.700755,561584,7193558,2017-06-21,14:19,upland,Trns,-5.42,0.404,LGR,2017-06-21 14:19:00,-6.504e-05,4.848e-09,N,0,7.2,NA,1.1,15.3,22,31.7,18.7
CN_MM71,CN_MM71_MW,MW,MW_C,64.860663,-163.700755,561584,7193558,2017-06-21,14:19,upland,Opq,1.243,0.159,LGR,2017-06-21 14:19:00,1.4916e-05,1.908e-09,N,0,7.2,NA,1.1,15.3,22,31.7,18.7
CN_MM71,CN_MM71_MW,MW,MW_D,64.860695,-163.700762,561583,7193562,2017-06-21,14:26,upland,Trns,-1.754,-0.111,LGR,2017-06-21 14:26:00,-2.1048e-05,-1.332e-09,N,0,5.1,NA,0.2,13,25,3.3,3.2
CN_MM71,CN_MM71_MW,MW,MW_D,64.860695,-163.700762,561583,7193562,2017-06-21,14:26,upland,Opq,1.025,-0.093,LGR,2017-06-21 14:26:00,1.23e-05,-1.116e-09,N,0,5.1,NA,0.2,13,25,3.3,3.2
CN_MM71,CN_MM71_MW,MW,MW_E,64.860823,-163.700318,561604,7193576,2017-06-21,15:51,lowland,Opq,1.084,78.909,LGR,2017-06-21 15:51:00,1.3008e-05,9.46908e-07,Y,2,5.6,NA,2.5,14.8,35,66.3,43.8
CN_MM71,CN_MM71_MW,MW,MW_E,64.860823,-163.700318,561604,7193576,2017-06-21,15:51,lowland,Trns,-1.26,100.02,LGR,2017-06-21 15:51:00,-1.512e-05,1.20024e-06,Y,2,5.6,NA,2.5,14.8,35,66.3,43.8
CN_MM71,CN_MM71_MW,MW,MW_F,64.860792,-163.701118,561566,7193572,2017-06-21,13:40,upland,Opq,0.975,0.159,LGR,2017-06-21 13:40:00,1.17e-05,1.908e-09,N,0,8.1,NA,2.4,12.7,18,7.4,4.9
CN_MM71,CN_MM71_MW,MW,MW_F,64.860792,-163.701118,561566,7193572,2017-06-21,13:40,upland,Trns,-1.104,0.085,LGR,2017-06-21 13:40:00,-1.3248e-05,1.02e-09,N,0,8.1,NA,2.4,12.7,18,7.4,4.9
CN_MM71,CN_MM71_MW,MW,MW_G,64.860792,-163.701112,561566,7193572,2017-06-21,13:45,upland,Opq,0.886,0.121,LGR,2017-06-21 13:45:00,1.0632e-05,1.452e-09,N,0,3.8,NA,0.3,12.4,21,24.8,12.7
CN_MM71,CN_MM71_MW,MW,MW_G,64.860792,-163.701112,561566,7193572,2017-06-21,13:45,upland,Trns,-1.07,0.277,LGR,2017-06-21 13:45:00,-1.284e-05,3.324e-09,N,0,3.8,NA,0.3,12.4,21,24.8,12.7
CN_MM71,CN_MM71_MW,MW,MW_H,64.860918,-163.69998,561620,7193587,2017-06-21,17:38,lowland,Opq,1.361,34.659,LGR,2017-06-21 17:38:00,1.6332e-05,4.15908e-07,Y,1,5.3,NA,2.2,12.7,36,64.7,42.3
CN_MM71,CN_MM71_MW,MW,MW_I,64.86036,-163.700287,561607,7193525,2017-06-21,15:17,upland,Trns,-2.061,2.272,LGR,2017-06-21 15:17:00,-2.4732e-05,2.7264e-08,N,0,5.2,NA,0.4,16.2,23,47.7,30.4
CN_MM71,CN_MM71_MW,MW,MW_I,64.86036,-163.700287,561607,7193525,2017-06-21,15:17,upland,Opq,1.319,4.963,LGR,2017-06-21 15:17:00,1.5828e-05,5.9556e-08,N,0,5.2,NA,0.4,16.2,23,47.7,30.4
CN_MM71,CN_MM71_MW,MW,MW_J,64.860387,-163.700453,561599,7193528,2017-06-21,15:00,upland,Opq,1.071,1.427,LGR,2017-06-21 15:00:00,1.2852e-05,1.7124e-08,N,0,4,NA,0,15.1,22,12.5,6.9
CN_MM71,CN_MM71_MW,MW,MW_J,64.860387,-163.700453,561599,7193528,2017-06-21,15:00,upland,Trns,-1.389,1.415,LGR,2017-06-21 15:00:00,-1.6668e-05,1.698e-08,N,0,4,NA,0,15.1,22,12.5,6.9
CN_MM71,CN_MM71_EC,EC,EC_1,64.86172,-163.70102,561569,7193676,2017-06-22,12:37,upland,Opq,0.42,0.07,LGR,2017-06-22 12:37:00,5.04e-06,8.4e-10,N,0,7.4,NA,2.9,13.1,25,20.2,10.1
CN_MM71,CN_MM71_EC,EC,EC_1,64.86172,-163.70102,561569,7193676,2017-06-22,12:37,upland,Trns,-0.295,0.12,LGR,2017-06-22 12:37:00,-3.54e-06,1.44e-09,N,0,7.4,NA,2.9,13.1,25,20.2,10.1
CN_MM71,CN_MM71_EC,EC,EC_2,64.86169,-163.7012,561560,7193672,2017-06-22,12:44,upland,Opq,0.958,0.088,LGR,2017-06-22 12:44:00,1.1496e-05,1.056e-09,N,0,6.3,NA,1.3,11.9,25,9.4,5.8
CN_MM71,CN_MM71_EC,EC,EC_2,64.86169,-163.7012,561560,7193672,2017-06-22,12:44,upland,Trns,-3.617,0.066,LGR,2017-06-22 12:44:00,-4.3404e-05,7.92e-10,N,0,6.3,NA,1.3,11.9,25,9.4,5.8
CN_MM71,CN_MM71_EC,EC,EC_3,64.86176,-163.70117,561561,7193680,2017-06-22,12:49,lowland,Trns,0.055,6.758,LGR,2017-06-22 12:49:00,6.6e-07,8.1096e-08,N,0,3.7,NA,1.1,11.3,40,37.3,23.4
CN_MM71,CN_MM71_EC,EC,EC_3,64.86176,-163.70117,561561,7193680,2017-06-22,12:49,lowland,Opq,0.478,4.669,LGR,2017-06-22 12:49:00,5.736e-06,5.6028e-08,N,0,3.7,NA,1.1,11.3,40,37.3,23.4
CN_MM71,CN_MM71_EC,EC,EC_4,64.86176,-163.70157,561543,7193679,2017-06-22,13:29,lowland,Trns,-0.877,7.964,LGR,2017-06-22 13:29:00,-1.0524e-05,9.5568e-08,N,0,5.4,NA,3.2,12.8,38,66.9,44.4
CN_MM71,CN_MM71_EC,EC,EC_4,64.86176,-163.70157,561543,7193679,2017-06-22,13:29,lowland,Opq,1.697,7.512,LGR,2017-06-22 13:29:00,2.0364e-05,9.0144e-08,N,0,5.4,NA,3.2,12.8,38,66.9,44.4
CN_MM71,CN_MM71_EC,EC,EC_5,64.86208,-163.7016,561540,7193715,2017-06-22,13:36,upland,Opq,0.823,0.115,LGR,2017-06-22 13:36:00,9.876e-06,1.38e-09,N,0,2.5,NA,0.5,12.8,23,31.9,18.9
CN_MM71,CN_MM71_EC,EC,EC_5,64.86208,-163.7016,561540,7193715,2017-06-22,13:36,upland,Trns,0.122,0.105,LGR,2017-06-22 13:36:00,1.464e-06,1.26e-09,N,0,2.5,NA,0.5,12.8,23,31.9,18.9
CN_MM71,CN_MM71_EC,EC,EC_6,64.86201,-163.70172,561535,7193707,2017-06-22,13:43,upland,Opq,1.052,0.458,LGR,2017-06-22 13:43:00,1.2624e-05,5.496e-09,N,0,5.1,NA,0.4,11.9,26,21,10.6
CN_MM71,CN_MM71_EC,EC,EC_7,64.86172,-163.70218,561514,7193674,2017-06-22,14:26,upland,Opq,0.878,2.311,LGR,2017-06-22 14:26:00,1.0536e-05,2.7732e-08,N,0,4.1,NA,0.8,12.5,27,47.3,30
CN_MM71,CN_MM71_EC,EC,EC_7,64.86172,-163.70218,561514,7193674,2017-06-22,14:26,upland,Trns,-1.396,1.048,LGR,2017-06-22 14:26:00,-1.6752e-05,1.2576e-08,N,0,4.1,NA,0.8,12.5,27,47.3,30
CN_MM71,CN_MM71_EC,EC,EC_8,64.86195,-163.70198,561523,7193700,2017-06-22,14:31,upland,Trns,-0.953,9.347,LGR,2017-06-22 14:31:00,-1.1436e-05,1.12164e-07,N,0,3.4,NA,1.3,13,28,48.5,31.1
CN_MM71,CN_MM71_EC,EC,EC_8,64.86195,-163.70198,561523,7193700,2017-06-22,14:31,upland,Opq,0.479,8.363,LGR,2017-06-22 14:31:00,5.748e-06,1.00356e-07,N,0,3.4,NA,1.3,13,28,48.5,31.1
CN_MM71,CN_MM71_EC,EC,EC_9,64.861537,-163.702015,561522,7193654,2017-06-22,14:37,lowland,Opq,1.561,47.634,LGR,2017-06-22 14:37:00,1.8732e-05,5.71608e-07,N,0,2.5,NA,0.7,11.1,36,35.4,21.6
CN_MM71,CN_MM71_EC,EC,EC_9,64.861537,-163.702015,561522,7193654,2017-06-22,14:37,lowland,Trns,-1.276,39.193,LGR,2017-06-22 14:37:00,-1.5312e-05,4.70316e-07,N,0,2.5,NA,0.7,11.1,36,35.4,21.6
CN_MM71,CN_MM71_BGC,BGC,BGC_10,64.85963,-163.69995,561624,7193444,2017-07-12,15:56,upland,Opq,2.259,-1.495,LGR,2017-07-12 15:56:00,2.7108e-05,-1.794e-08,N,0,7.4,NA,2.1,25.9,32,17.1,8.8
CN_MM71,CN_MM71_BGC,BGC,BGC_10,64.85963,-163.69995,561624,7193444,2017-07-12,15:56,upland,Trns,-2.151,-20.509,LGR,2017-07-12 15:56:00,-2.5812e-05,-2.46108e-07,N,0,7.4,NA,2.1,25.9,32,17.1,8.8
CN_MM71,CN_MM71_BGC,BGC,BGC_11,64.85941,-163.70348,561457,7193416,2017-07-12,15:37,slope,Trns,3.659,190.305,LGR,2017-07-12 15:37:00,4.3908e-05,2.28366e-06,Y,3,8.8,NA,5.3,25.2,42,59.2,37.3
CN_MM71,CN_MM71_BGC,BGC,BGC_11,64.85941,-163.70348,561457,7193416,2017-07-12,15:37,slope,Opq,2.28,150.167,LGR,2017-07-12 15:37:00,2.736e-05,1.802004e-06,Y,3,8.8,NA,5.3,25.2,42,59.2,37.3
CN_MM71,CN_MM71_BGC,BGC,BGC_12,64.85974,-163.69836,561699,7193458,2017-07-12,15:15,lowland,Opq,2.657,0.646,LGR,2017-07-12 15:15:00,3.1884e-05,7.752e-09,N,0,6.4,NA,3.5,25.2,47,37.8,23.9
CN_MM71,CN_MM71_BGC,BGC,BGC_12,64.85974,-163.69836,561699,7193458,2017-07-12,15:15,lowland,Trns,0.71,1.134,LGR,2017-07-12 15:15:00,8.52e-06,1.3608e-08,N,0,6.4,NA,3.5,25.2,47,37.8,23.9
CN_MM71,CN_MM71_BGC,BGC,BGC_13,64.8597,-163.70341,561460,7193448,2017-07-12,14:55,upland,Trns,0.793,160.947,LGR,2017-07-12 14:55:00,9.516e-06,1.931364e-06,Y,5,9.8,NA,6.7,25,43,65.2,42.8
CN_MM71,CN_MM71_BGC,BGC,BGC_13,64.8597,-163.70341,561460,7193448,2017-07-12,14:55,upland,Opq,2.362,147.332,LGR,2017-07-12 14:55:00,2.8344e-05,1.767984e-06,Y,5,9.8,NA,6.7,25,43,65.2,42.8
CN_MM71,CN_MM71_BGC,BGC,BGC_14,64.86012,-163.69757,561736,7193501,2017-07-12,14:31,upland,Trns,1.413,-0.414,LGR,2017-07-12 14:31:00,1.6956e-05,-4.968e-09,N,0,11.2,NA,5.7,24.7,33,25.4,13.2
CN_MM71,CN_MM71_BGC,BGC,BGC_14,64.86012,-163.69757,561736,7193501,2017-07-12,14:31,upland,Opq,2.415,0.17,LGR,2017-07-12 14:31:00,2.898e-05,2.04e-09,N,0,11.2,NA,5.7,24.7,33,25.4,13.2
CN_MM71,CN_MM71_BGC,BGC,BGC_15,64.85999,-163.69698,561764,7193487,2017-07-12,14:07,upland,Opq,2.826,0.226,LGR,2017-07-12 14:07:00,3.3912e-05,2.712e-09,N,0,8.1,NA,3,23.7,33,12.5,7
CN_MM71,CN_MM71_BGC,BGC,BGC_15,64.85999,-163.69698,561764,7193487,2017-07-12,14:07,upland,Trns,0.832,0.563,LGR,2017-07-12 14:07:00,9.984e-06,6.756e-09,N,0,8.1,NA,3,23.7,33,12.5,7
CN_MM71,CN_MM71_BGC,BGC,BGC_6,64.85941,-163.70335,561464,7193416,2017-07-12,16:39,lowland,Trns,0.67,-0.806,LGR,2017-07-12 16:39:00,8.04e-06,-9.672e-09,N,0,7.9,NA,2.8,27.1,33,45.5,23.4
CN_MM71,CN_MM71_BGC,BGC,BGC_6,64.85941,-163.70335,561464,7193416,2017-07-12,16:39,lowland,Opq,1.069,-0.221,LGR,2017-07-12 16:39:00,1.2828e-05,-2.652e-09,N,0,7.9,NA,2.8,27.1,33,45.5,23.4
CN_MM71,CN_MM71_BGC,BGC,BGC_9,64.85976,-163.70061,561593,7193458,2017-07-12,16:13,upland,Opq,2.16,-0.117,LGR,2017-07-12 16:13:00,2.592e-05,-1.404e-09,N,0,16.4,NA,7.1,26.2,32,0,0.9
CN_MM71,CN_MM71_BGC,BGC,BGC_9,64.85976,-163.70061,561593,7193458,2017-07-12,16:13,upland,Trns,1.41,-0.175,LGR,2017-07-12 16:13:00,1.692e-05,-2.1e-09,N,0,16.4,NA,7.1,26.2,32,0,0.9
CN_MM71,CN_MM71_BGC,BGC,BGC_16,64.85915,-163.69208,561998,7193398,2017-07-13,15:58,slope,Trns,0.411,0.12,LGR,2017-07-13 15:58:00,4.932e-06,1.44e-09,N,0,12.1,NA,3.8,24,25,19.1,9.6
CN_MM71,CN_MM71_BGC,BGC,BGC_16,64.85915,-163.69208,561998,7193398,2017-07-13,15:58,slope,Opq,2.083,-0.387,LGR,2017-07-13 15:58:00,2.4996e-05,-4.644e-09,N,0,12.1,NA,3.8,24,25,19.1,9.6
CN_MM71,CN_MM71_BGC,BGC,BGC_17,64.85904,-163.69142,562030,7193386,2017-07-13,15:31,lowland,Trns,0.711,-0.644,LGR,2017-07-13 15:31:00,8.532e-06,-7.728e-09,N,0,8.2,NA,1.8,24,28,36.2,22.4
CN_MM71,CN_MM71_BGC,BGC,BGC_17,64.85904,-163.69142,562030,7193386,2017-07-13,15:31,lowland,Opq,1.72,-0.677,LGR,2017-07-13 15:31:00,2.064e-05,-8.124e-09,N,0,8.2,NA,1.8,24,28,36.2,22.4
CN_MM71,CN_MM71_BGC,BGC,BGC_18,64.85911,-163.69101,562049,7193395,2017-07-13,14:49,upland,Trns,1.639,-0.219,LGR,2017-07-13 14:49:00,1.9668e-05,-2.628e-09,N,0,8,NA,1.1,24,28,72.6,50.4
CN_MM71,CN_MM71_BGC,BGC,BGC_18,64.85911,-163.69101,562049,7193395,2017-07-13,14:49,upland,Opq,2.358,-0.546,LGR,2017-07-13 14:49:00,2.8296e-05,-6.552e-09,N,0,8,NA,1.1,24,28,72.6,50.4
CN_MM71,CN_MM71_BGC,BGC,BGC_19,64.85921,-163.69075,562061,7193406,2017-07-13,14:31,slope,Opq,2.194,0.145,LGR,2017-07-13 14:31:00,2.6328e-05,1.74e-09,N,0,5.3,NA,2.2,24,29,29.9,17.3
CN_MM71,CN_MM71_BGC,BGC,BGC_20,64.85937,-163.69061,562067,7193424,2017-07-13,14:10,lowland,Trns,-1.866,66.793,LGR,2017-07-13 14:10:00,-2.2392e-05,8.01516e-07,N,0,8.8,NA,4.3,24,35,63.2,40.8
CN_MM71,CN_MM71_BGC,BGC,BGC_20,64.85937,-163.69061,562067,7193424,2017-07-13,14:10,lowland,Opq,4.628,58.953,LGR,2017-07-13 14:10:00,5.5536e-05,7.07436e-07,N,0,8.8,NA,4.3,24,35,63.2,40.8
CN_MM71,CN_MM71_EC,EC,EC_1,64.86172,-163.70102,561569,7193676,2017-07-14,18:25,upland,Opq,1.759,0.259,LGR,2017-07-14 18:25:00,2.1108e-05,3.108e-09,N,0,16.3,NA,4.7,26.3,35,20.8,10.5
CN_MM71,CN_MM71_EC,EC,EC_1,64.86172,-163.70102,561569,7193676,2017-07-14,18:25,upland,Trns,0.662,-0.133,LGR,2017-07-14 18:25:00,7.944e-06,-1.596e-09,N,0,16.3,NA,4.7,26.3,35,20.8,10.5
CN_MM71,CN_MM71_EC,EC,EC_2,64.86169,-163.7012,561560,7193672,2017-07-14,18:08,upland,Opq,1.664,-0.242,LGR,2017-07-14 18:08:00,1.9968e-05,-2.904e-09,N,0,12.9,NA,3.8,26.6,35,11.3,6.5
CN_MM71,CN_MM71_EC,EC,EC_2,64.86169,-163.7012,561560,7193672,2017-07-14,18:08,upland,Trns,-0.746,-0.497,LGR,2017-07-14 18:08:00,-8.952e-06,-5.964e-09,N,0,12.9,NA,3.8,26.6,35,11.3,6.5
CN_MM71,CN_MM71_EC,EC,EC_3,64.86176,-163.70117,561561,7193680,2017-07-14,18:08,lowland,Opq,1.442,18.21,LGR,2017-07-14 18:08:00,1.7304e-05,2.1852e-07,N,0,12.8,NA,4.8,26.6,61,38.1,24.3
CN_MM71,CN_MM71_EC,EC,EC_3,64.86176,-163.70117,561561,7193680,2017-07-14,18:16,lowland,Trns,0.336,15.458,LGR,2017-07-14 18:16:00,4.032e-06,1.85496e-07,N,0,12.8,NA,4.8,26.6,61,38.1,24.3
CN_MM71,CN_MM71_MW,MW,MW_C,64.860663,-163.700755,561584,7193558,2017-07-14,15:39,upland,Opq,2.03,-1.686,LGR,2017-07-14 15:39:00,2.436e-05,-2.0232e-08,N,0,13.6,NA,3.3,25.1,32,15.3,8
CN_MM71,CN_MM71_MW,MW,MW_C,64.860663,-163.700755,561584,7193558,2017-07-14,15:39,upland,Trns,-0.837,-1.049,LGR,2017-07-14 15:39:00,-1.0044e-05,-1.2588e-08,N,0,13.6,NA,3.3,25.1,32,15.3,8
CN_MM71,CN_MM71_MW,MW,MW_D,64.860695,-163.700762,561583,7193562,2017-07-14,15:47,upland,Opq,2.567,-0.37,LGR,2017-07-14 15:47:00,3.0804e-05,-4.44e-09,N,0,12.3,NA,3.1,25.1,38,0,1.7
CN_MM71,CN_MM71_MW,MW,MW_D,64.860695,-163.700762,561583,7193562,2017-07-14,15:47,upland,Trns,-0.639,-1.359,LGR,2017-07-14 15:47:00,-7.668e-06,-1.6308e-08,N,0,12.3,NA,3.1,25.1,38,0,1.7
CN_MM71,CN_MM71_MW,MW,MW_E,64.860823,-163.700318,561604,7193576,2017-07-14,16:58,lowland,Opq,1.987,97.251,LGR,2017-07-14 16:58:00,2.3844e-05,1.167012e-06,Y,4,13.8,NA,8.5,26.1,45,63,40.6
CN_MM71,CN_MM71_MW,MW,MW_E,64.860823,-163.700318,561604,7193576,2017-07-14,16:58,lowland,Trns,-0.449,129.57,LGR,2017-07-14 16:58:00,-5.388e-06,1.55484e-06,Y,4,13.8,NA,8.5,26.1,45,63,40.6
CN_MM71,CN_MM71_MW,MW,MW_F,64.860792,-163.701118,561566,7193572,2017-07-14,16:22,upland,Opq,3.736,0.628,LGR,2017-07-14 16:22:00,4.4832e-05,7.536e-09,N,0,13.2,NA,3.7,25.7,30,11.4,6.5
CN_MM71,CN_MM71_MW,MW,MW_F,64.860792,-163.701118,561566,7193572,2017-07-14,16:22,upland,Trns,0.894,0.56,LGR,2017-07-14 16:22:00,1.0728e-05,6.72e-09,N,0,13.2,NA,3.7,25.7,30,11.4,6.5
CN_MM71,CN_MM71_MW,MW,MW_G,64.860792,-163.701112,561566,7193572,2017-07-14,16:19,upland,Opq,1.21,0.048,LGR,2017-07-14 16:19:00,1.452e-05,5.76e-10,N,0,13.5,NA,3.6,25.7,36,29.6,17.1
CN_MM71,CN_MM71_MW,MW,MW_G,64.860792,-163.701112,561566,7193572,2017-07-14,16:19,upland,Trns,1.164,-0.03,LGR,2017-07-14 16:19:00,1.3968e-05,-3.6e-10,N,0,13.5,NA,3.6,25.7,36,29.6,17.1
CN_MM71,CN_MM71_MW,MW,MW_H,64.860918,-163.69998,561620,7193587,2017-07-14,17:26,lowland,Opq,3.497,183.179,LGR,2017-07-14 17:26:00,4.1964e-05,2.198148e-06,Y,3,12.5,NA,8.2,26.2,47,65.4,42.9
CN_MM71,CN_MM71_MW,MW,MW_H,64.860918,-163.69998,561620,7193587,2017-07-14,17:26,lowland,Trns,-0.499,179.722,LGR,2017-07-14 17:26:00,-5.988e-06,2.156664e-06,Y,3,12.5,NA,8.2,26.2,47,65.4,42.9
CN_MM71,CN_MM71_MW,MW,MW_I,64.86036,-163.700287,561607,7193525,2017-07-14,15:06,upland,Opq,1.727,4.046,LGR,2017-07-14 15:06:00,2.0724e-05,4.8552e-08,N,0,9.5,NA,4.1,25.1,32,26.8,14.5
CN_MM71,CN_MM71_MW,MW,MW_I,64.86036,-163.700287,561607,7193525,2017-07-14,15:06,upland,Trns,0.578,5.238,LGR,2017-07-14 15:06:00,6.936e-06,6.2856e-08,N,0,9.5,NA,4.1,25.1,32,26.8,14.5
CN_MM71,CN_MM71_MW,MW,MW_J,64.860387,-163.700453,561599,7193528,2017-07-14,14:57,upland,Opq,1.338,1.993,LGR,2017-07-14 14:57:00,1.6056e-05,2.3916e-08,N,0,9.4,NA,2.7,25.1,33,22.1,11.2
CN_MM71,CN_MM71_MW,MW,MW_J,64.860387,-163.700453,561599,7193528,2017-07-14,14:57,upland,Trns,-0.298,1.105,LGR,2017-07-14 14:57:00,-3.576e-06,1.326e-08,N,0,9.4,NA,2.7,25.1,33,22.1,11.2
CN_MM71,CN_MM71_EC,EC,EC_1,64.86172,-163.70102,561569,7193676,2017-07-15,17:48,upland,Trns,-1.939,-6.536,LGR,2017-07-15 17:48:00,-2.3268e-05,-7.8432e-08,N,0,10.8,NA,3.2,15.9,36,19.2,9.7
CN_MM71,CN_MM71_EC,EC,EC_1,64.86172,-163.70102,561569,7193676,2017-07-15,17:48,upland,Opq,1.378,0.082,LGR,2017-07-15 17:48:00,1.6536e-05,9.84e-10,N,0,10.8,NA,3.2,15.9,36,19.2,9.7
CN_MM71,CN_MM71_EC,EC,EC_2,64.86169,-163.7012,561560,7193672,2017-07-15,17:41,upland,Opq,1.553,-0.117,LGR,2017-07-15 17:41:00,1.8636e-05,-1.404e-09,N,0,9.1,NA,4.3,15.9,56,46.1,29
CN_MM71,CN_MM71_EC,EC,EC_2,64.86169,-163.7012,561560,7193672,2017-07-15,17:41,upland,Trns,-1.428,-0.069,LGR,2017-07-15 17:41:00,-1.7136e-05,-8.28e-10,N,0,9.1,NA,4.3,15.9,56,46.1,29
CN_MM71,CN_MM71_EC,EC,EC_3,64.86176,-163.70117,561561,7193680,2017-07-15,17:35,lowland,Trns,0.515,16.845,LGR,2017-07-15 17:35:00,6.18e-06,2.0214e-07,Y,1,13.5,NA,4.6,15.9,39,7.1,4.8
CN_MM71,CN_MM71_EC,EC,EC_3,64.86176,-163.70117,561561,7193680,2017-07-15,17:35,lowland,Opq,0.947,12.44,LGR,2017-07-15 17:35:00,1.1364e-05,1.4928e-07,Y,1,13.5,NA,4.6,15.9,39,7.1,4.8
CN_MM71,CN_MM71_EC,EC,EC_4,64.86176,-163.70157,561543,7193679,2017-07-15,18:31,lowland,Opq,1.868,26.739,LGR,2017-07-15 18:31:00,2.2416e-05,3.20868e-07,Y,2,10,NA,6.3,15.9,48,58.2,36.8
CN_MM71,CN_MM71_EC,EC,EC_6,64.86201,-163.70172,561535,7193707,2017-07-15,18:38,upland,Opq,1.432,0.502,LGR,2017-07-15 18:38:00,1.7184e-05,6.024e-09,N,0,10.2,NA,2.5,15.9,30,13.9,7.4
CN_MM71,CN_MM71_EC,EC,EC_8,64.86195,-163.70198,561523,7193700,2017-07-15,18:57,upland,Opq,1.281,16.062,LGR,2017-07-15 18:57:00,1.5372e-05,1.92744e-07,N,0,6.5,NA,2.2,15.9,32,38.7,24.9
CN_MM71,CN_MM71_EC,EC,EC_9,64.861537,-163.702015,561522,7193654,2017-07-15,19:05,lowland,Opq,2.887,94.087,LGR,2017-07-15 19:05:00,3.4644e-05,1.129044e-06,Y,2,9.9,NA,6,15.9,60,46,28.9
CN_MM71,CN_MM71_BGC,BGC,BGC_1,64.85995,-163.70358,561451,7193476,2017-07-17,16:37,upland,Opq,1.816,-0.061,LGR,2017-07-17 16:37:00,2.1792e-05,-7.32e-10,N,0,NA,NA,NA,14,NA,19.9,10
CN_MM71,CN_MM71_BGC,BGC,BGC_10,64.85963,-163.69995,561624,7193444,2017-07-17,15:27,upland,Opq,1.018,-0.47,LGR,2017-07-17 15:27:00,1.2216e-05,-5.64e-09,N,0,7,NA,3.7,14,NA,60.4,38.2
CN_MM71,CN_MM71_BGC,BGC,BGC_11,64.85941,-163.70348,561457,7193416,2017-07-17,15:15,slope,Opq,1.598,147.749,LGR,2017-07-17 15:15:00,1.9176e-05,1.772988e-06,Y,2,9.8,NA,6.4,14,NA,81.8,61.6
CN_MM71,CN_MM71_BGC,BGC,BGC_12,64.85974,-163.69836,561699,7193458,2017-07-17,15:03,lowland,Opq,1.401,1.04,LGR,2017-07-17 15:03:00,1.6812e-05,1.248e-08,N,0,6.6,NA,4.1,14,NA,73.7,51.7
CN_MM71,CN_MM71_BGC,BGC,BGC_13,64.8597,-163.70341,561460,7193448,2017-07-17,14:51,upland,Opq,2.806,203.75,LGR,2017-07-17 14:51:00,3.3672e-05,2.445e-06,Y,6,10.2,NA,7.3,14,NA,86.7,67.7
CN_MM71,CN_MM71_BGC,BGC,BGC_14,64.86012,-163.69757,561736,7193501,2017-07-17,14:39,upland,Opq,2.566,-3.26,LGR,2017-07-17 14:39:00,3.0792e-05,-3.912e-08,N,0,8.7,NA,5.3,14,NA,29.7,10.4
CN_MM71,CN_MM71_BGC,BGC,BGC_16,64.85915,-163.69208,561998,7193398,2017-07-17,14:01,slope,Opq,1.163,-0.226,LGR,2017-07-17 14:01:00,1.3956e-05,-2.712e-09,N,0,9.3,NA,2.1,14,NA,27.4,14.8
CN_MM71,CN_MM71_BGC,BGC,BGC_17,64.85904,-163.69142,562030,7193386,2017-07-17,13:51,lowland,Opq,1.707,60.269,LGR,2017-07-17 13:51:00,2.0484e-05,7.23228e-07,N,0,9.2,NA,3,14,NA,35.5,21.7
CN_MM71,CN_MM71_BGC,BGC,BGC_18,64.85911,-163.69101,562049,7193395,2017-07-17,13:42,upland,Opq,1.061,-0.116,LGR,2017-07-17 13:42:00,1.2732e-05,-1.392e-09,N,0,7.6,NA,1.7,14,30,23.8,12.1
CN_MM71,CN_MM71_BGC,BGC,BGC_19,64.85921,-163.69075,562061,7193406,2017-07-17,13:34,slope,Opq,2.169,-0.139,LGR,2017-07-17 13:34:00,2.6028e-05,-1.668e-09,N,0,6,NA,1.7,14,30,36.7,22.8
CN_MM71,CN_MM71_BGC,BGC,BGC_2,64.85983,-163.70351,561455,7193463,2017-07-17,16:30,slope,Opq,1.93,-0.413,LGR,2017-07-17 16:30:00,2.316e-05,-4.956e-09,N,0,NA,NA,NA,14,NA,26.6,14.3
CN_MM71,CN_MM71_BGC,BGC,BGC_20,64.85937,-163.69061,562067,7193424,2017-07-17,13:24,lowland,Opq,2.461,63.88,LGR,2017-07-17 13:24:00,2.9532e-05,7.6656e-07,N,0,7.3,NA,4.3,14,40,70.5,48
CN_MM71,CN_MM71_BGC,BGC,BGC_3,64.86009,-163.69769,561730,7193497,2017-07-17,16:18,lowland,Opq,1.151,6.912,LGR,2017-07-17 16:18:00,1.3812e-05,8.2944e-08,N,0,NA,NA,NA,14,NA,67,44.5
CN_MM71,CN_MM71_BGC,BGC,BGC_4,64.85978,-163.69829,561702,7193462,2017-07-17,16:08,upland,Opq,2.118,68.513,LGR,2017-07-17 16:08:00,2.5416e-05,8.22156e-07,N,0,NA,NA,NA,14,NA,62.2,39.9
CN_MM71,CN_MM71_BGC,BGC,BGC_5,64.85936,-163.70338,561462,7193410,2017-07-17,15:57,slope,Opq,3.809,-2.301,LGR,2017-07-17 15:57:00,4.5708e-05,-2.7612e-08,N,0,NA,NA,NA,14,NA,15.8,8.2
CN_MM71,CN_MM71_BGC,BGC,BGC_6,64.85941,-163.70335,561464,7193416,2017-07-17,15:51,lowland,Opq,0.475,-0.053,LGR,2017-07-17 15:51:00,5.7e-06,-6.36e-10,N,0,NA,NA,NA,14,NA,48.7,31.3
CN_MM71,CN_MM71_BGC,BGC,BGC_9,64.85976,-163.70061,561593,7193458,2017-07-17,15:38,upland,Opq,1.193,-0.213,LGR,2017-07-17 15:38:00,1.4316e-05,-2.556e-09,N,0,10.9,NA,5.6,14,NA,36.4,22.6
CN_MM71,CN_MM71_MW,MW,MW_D,64.860695,-163.700762,561583,7193562,2017-07-17,17:08,upland,Opq,0.646,-0.017,LGR,2017-07-17 17:08:00,7.752e-06,-2.04e-10,N,0,10,NA,5.4,14,NA,26.9,14.6
CN_MM71,CN_MM71_MW,MW,MW_E,64.860823,-163.700318,561604,7193576,2017-07-17,18:22,lowland,Opq,1.038,96.498,LGR,2017-07-17 18:22:00,1.2456e-05,1.157976e-06,Y,9,11.9,NA,8.5,14,NA,72.7,50.5
CN_MM71,CN_MM71_MW,MW,MW_F,64.860792,-163.701118,561566,7193572,2017-07-17,18:04,upland,Opq,1.486,0.668,LGR,2017-07-17 18:04:00,1.7832e-05,8.016e-09,N,0,8.3,NA,2.2,14,NA,32.3,19.2
CN_MM71,CN_MM71_MW,MW,MW_G,64.860792,-163.701112,561566,7193572,2017-07-17,17:57,upland,Opq,0.898,0.029,LGR,2017-07-17 17:57:00,1.0776e-05,3.48e-10,N,0,7.4,NA,3.1,14,NA,46.2,29
CN_MM71,CN_MM71_MW,MW,MW_H,64.860918,-163.69998,561620,7193587,2017-07-17,18:39,lowland,Opq,3.182,174.869,LGR,2017-07-17 18:39:00,3.8184e-05,2.098428e-06,Y,6,11.6,NA,8.8,14,NA,71.1,48.6
CN_MM71,CN_MM71_MW,MW,MW_I,64.86036,-163.700287,561607,7193525,2017-07-17,17:18,upland,Opq,1.023,3.702,LGR,2017-07-17 17:18:00,1.2276e-05,4.4424e-08,N,0,8.7,NA,3.7,14,NA,51.5,33
CN_MM71,CN_MM71_MW,MW,MW_J,64.860387,-163.700453,561599,7193528,2017-07-17,17:32,upland,Opq,0.798,1.508,LGR,2017-07-17 17:32:00,9.576e-06,1.8096e-08,N,0,7.6,NA,2.5,14,NA,66.7,44.2
CN_MM71,CN_MM71_EC,EC,EC_1,64.86172,-163.70102,561569,7193676,2017-07-18,15:34,upland,Trns,-1.146,-1.786,LGR,2017-07-18 15:34:00,-1.3752e-05,-2.1432e-08,N,0,7.5,NA,3.1,16.8,38,20.8,10.5
CN_MM71,CN_MM71_EC,EC,EC_1,64.86172,-163.70102,561569,7193676,2017-07-18,15:34,upland,Opq,0.957,0.044,LGR,2017-07-18 15:34:00,1.1484e-05,5.28e-10,N,0,7.5,NA,3.1,16.8,38,20.8,10.5
CN_MM71,CN_MM71_EC,EC,EC_2,64.86169,-163.7012,561560,7193672,2017-07-18,15:28,upland,Opq,1.013,-0.308,LGR,2017-07-18 15:28:00,1.2156e-05,-3.696e-09,N,0,10.4,NA,3.8,16.8,46,36.9,23
CN_MM71,CN_MM71_EC,EC,EC_2,64.86169,-163.7012,561560,7193672,2017-07-18,15:28,upland,Trns,-0.882,1.74,LGR,2017-07-18 15:28:00,-1.0584e-05,2.088e-08,N,0,10.4,NA,3.8,16.8,46,36.9,23
CN_MM71,CN_MM71_EC,EC,EC_3,64.86176,-163.70117,561561,7193680,2017-07-18,15:40,lowland,Opq,0.866,20.699,LGR,2017-07-18 15:40:00,1.0392e-05,2.48388e-07,Y,1,6.4,NA,3.9,16.8,57,46.7,29.5
CN_MM71,CN_MM71_EC,EC,EC_3,64.86176,-163.70117,561561,7193680,2017-07-18,15:40,lowland,Trns,-0.526,19.067,LGR,2017-07-18 15:40:00,-6.312e-06,2.28804e-07,Y,1,6.4,NA,3.9,16.8,57,46.7,29.5
CN_MM71,CN_MM71_EC,EC,EC_4,64.86176,-163.70157,561543,7193679,2017-07-18,14:45,lowland,Opq,0.452,24.668,LGR,2017-07-18 14:45:00,5.424e-06,2.96016e-07,Y,2,10,NA,6,16.8,49,82.1,61.9
CN_MM71,CN_MM71_EC,EC,EC_5,64.86208,-163.7016,561540,7193715,2017-07-18,14:32,upland,Opq,1.163,0.08,LGR,2017-07-18 14:32:00,1.3956e-05,9.6e-10,N,0,5.9,NA,1.6,16.8,32,34.2,20.6
CN_MM71,CN_MM71_EC,EC,EC_6,64.86201,-163.70172,561535,7193707,2017-07-18,14:39,upland,Opq,1.398,0.693,LGR,2017-07-18 14:39:00,1.6776e-05,8.316e-09,N,0,10.4,NA,3,16.8,34,38.2,24.4
CN_MM71,CN_MM71_EC,EC,EC_7,64.86172,-163.70218,561514,7193674,2017-07-18,14:57,upland,Opq,0.922,0.802,LGR,2017-07-18 14:57:00,1.1064e-05,9.624e-09,N,0,6.8,NA,3.3,16.8,39,61.5,39.2
CN_MM71,CN_MM71_EC,EC,EC_8,64.86195,-163.70198,561523,7193700,2017-07-18,15:05,upland,Opq,1.781,13.115,LGR,2017-07-18 15:05:00,2.1372e-05,1.5738e-07,N,0,6.5,NA,3.2,16.8,36,56.4,35.7
CN_MM71,CN_MM71_EC,EC,EC_9,64.861537,-163.702015,561522,7193654,2017-07-18,15:13,lowland,Opq,1.297,60.916,LGR,2017-07-18 15:13:00,1.5564e-05,7.30992e-07,Y,2,8.6,NA,5,16.8,36,73.1,51
CN_MM71,CN_MM71_BGC,BGC,BGC_11,64.85941,-163.70348,561457,7193416,2017-09-10,13:17,slope,Opq,0.86,149.609,LGR,2017-09-10 13:17:00,1.032e-05,1.795308e-06,Y,7,4.5,NA,4,11.4,56,26.1,14.3
CN_MM71,CN_MM71_BGC,BGC,BGC_13,64.8597,-163.70341,561460,7193448,2017-09-10,15:12,upland,Trns,-0.144,102.339,LGR,2017-09-10 15:12:00,-1.728e-06,1.228068e-06,Y,2,4.4,NA,3.6,11.4,61,16.4,8.4
CN_MM71,CN_MM71_BGC,BGC,BGC_13,64.8597,-163.70341,561460,7193448,2017-09-10,15:12,upland,Opq,2.011,99.785,LGR,2017-09-10 15:12:00,2.4132e-05,1.19742e-06,Y,2,4.4,NA,3.6,11.4,61,16.4,8.4
CN_MM71,CN_MM71_BGC,BGC,BGC_14,64.86012,-163.69757,561736,7193501,2017-09-10,15:37,upland,Opq,0.851,-0.658,LGR,2017-09-10 15:37:00,1.0212e-05,-7.896e-09,N,0,3,NA,2.1,11.3,50,2,2.7
CN_MM71,CN_MM71_BGC,BGC,BGC_15,64.85999,-163.69698,561764,7193487,2017-09-10,15:58,upland,Trns,2.367,28.176,LGR,2017-09-10 15:58:00,2.8404e-05,3.38112e-07,N,0,1.5,NA,0.9,11.3,37,0,1.9
CN_MM71,CN_MM71_BGC,BGC,BGC_15,64.85999,-163.69698,561764,7193487,2017-09-10,17:08,upland,Opq,0.685,2.377,LGR,2017-09-10 17:08:00,8.22e-06,2.8524e-08,N,0,1.5,NA,0.9,11.3,37,0,1.9
CN_MM71,CN_MM71_BGC,BGC,BGC_16,64.85915,-163.69208,561998,7193398,2017-09-10,18:35,slope,Trns,-1.701,-7.457,LGR,2017-09-10 18:35:00,-2.0412e-05,-8.9484e-08,N,0,1.9,NA,1.2,10.1,40,6.8,4.6
CN_MM71,CN_MM71_BGC,BGC,BGC_16,64.85915,-163.69208,561998,7193398,2017-09-10,18:35,slope,Opq,0.286,0.292,LGR,2017-09-10 18:35:00,3.432e-06,3.504e-09,N,0,1.9,NA,1.2,10.1,40,6.8,4.6
CN_MM71,CN_MM71_BGC,BGC,BGC_17,64.85904,-163.69142,562030,7193386,2017-09-10,18:08,lowland,Trns,0.425,-0.275,LGR,2017-09-10 18:08:00,5.1e-06,-3.3e-09,N,0,2.4,NA,1.5,10.1,40,6.3,4.4
CN_MM71,CN_MM71_BGC,BGC,BGC_17,64.85904,-163.69142,562030,7193386,2017-09-10,18:08,lowland,Opq,0.504,-0.186,LGR,2017-09-10 18:08:00,6.048e-06,-2.232e-09,N,0,2.4,NA,1.5,10.1,40,6.3,4.4
CN_MM71,CN_MM71_BGC,BGC,BGC_18,64.85911,-163.69101,562049,7193395,2017-09-10,17:34,upland,Trns,0.31,-0.492,LGR,2017-09-10 17:34:00,3.72e-06,-5.904e-09,N,0,2.2,NA,1.5,10.1,53,1.6,2.6
CN_MM71,CN_MM71_BGC,BGC,BGC_18,64.85911,-163.69101,562049,7193395,2017-09-10,17:34,upland,Opq,0.601,-0.575,LGR,2017-09-10 17:34:00,7.212e-06,-6.9e-09,N,0,2.2,NA,1.5,10.1,53,1.6,2.6
CN_MM71,CN_MM71_BGC,BGC,BGC_20,64.85937,-163.69061,562067,7193424,2017-09-10,17:54,lowland,Opq,1.543,56.089,LGR,2017-09-10 17:54:00,1.8516e-05,6.73068e-07,N,0,4.5,NA,4,10.1,80,9,5.6
CN_MM71,CN_MM71_BGC,BGC,BGC_20,64.85937,-163.69061,562067,7193424,2017-09-10,17:54,lowland,Trns,0.335,55.064,LGR,2017-09-10 17:54:00,4.02e-06,6.60768e-07,N,0,4.5,NA,4,10.1,80,9,5.6
CN_MM71,CN_MM71_BGC,BGC,BGC_3,64.86009,-163.69769,561730,7193497,2017-09-10,14:07,lowland,Opq,0.494,12.157,LGR,2017-09-10 14:07:00,5.928e-06,1.45884e-07,N,0,3.8,NA,3.4,11.4,36,23,11.7
CN_MM71,CN_MM71_BGC,BGC,BGC_3,64.86009,-163.69769,561730,7193497,2017-09-10,14:07,lowland,Trns,-5.861,-14.342,LGR,2017-09-10 14:07:00,-7.0332e-05,-1.72104e-07,N,0,3.8,NA,3.4,11.4,36,23,11.7
CN_MM71,CN_MM71_BGC,BGC,BGC_4,64.85978,-163.69829,561702,7193462,2017-09-10,13:52,upland,Trns,1.028,124.563,LGR,2017-09-10 13:52:00,1.2336e-05,1.494756e-06,N,0,4.1,NA,3.6,11.4,80,7.6,5
CN_MM71,CN_MM71_BGC,BGC,BGC_4,64.85978,-163.69829,561702,7193462,2017-09-10,13:52,upland,Opq,1.399,623.351,LGR,2017-09-10 13:52:00,1.6788e-05,7.480212e-06,N,0,4.1,NA,3.6,11.4,80,7.6,5
CN_MM71,CN_MM71_BGC,BGC,BGC_5,64.85936,-163.70338,561462,7193410,2017-09-10,13:37,slope,Opq,0.34,-0.155,LGR,2017-09-10 13:37:00,4.08e-06,-1.86e-09,N,0,3.5,NA,3,11.4,51,10.5,6.2
CN_MM71,CN_MM71_BGC,BGC,BGC_5,64.85936,-163.70338,561462,7193410,2017-09-10,13:37,slope,Trns,-0.894,-0.668,LGR,2017-09-10 13:37:00,-1.0728e-05,-8.016e-09,N,0,3.5,NA,3,11.4,51,10.5,6.2
CN_MM71,CN_MM71_BGC,BGC,BGC_9,64.85976,-163.70061,561593,7193458,2017-09-10,12:56,upland,Opq,0.653,0.846,LGR,2017-09-10 12:56:00,7.836e-06,1.0152e-08,N,0,1.8,NA,1.2,11.4,44,20.5,10.3
CN_MM71,CN_MM71_BGC,BGC,BGC_9,64.85976,-163.70061,561593,7193458,2017-09-10,12:56,upland,Trns,-0.576,0.327,LGR,2017-09-10 12:56:00,-6.912e-06,3.924e-09,N,0,1.8,NA,1.2,11.4,44,20.5,10.3
CN_MM71,CN_MM71_BGC,BGC,BGC_1,64.85995,-163.70358,561451,7193476,2018-06-21,14:13,upland,Opq,1.555,0.064,LGR,2018-06-21 14:13:00,1.866e-05,7.68e-10,N,0,NA,NA,NA,17.6,NA,NA,NA
CN_MM71,CN_MM71_BGC,BGC,BGC_1,64.85995,-163.70358,561451,7193476,2018-06-21,14:13,upland,Trns,-1.717,0.215,LGR,2018-06-21 14:13:00,-2.0604e-05,2.58e-09,N,0,NA,NA,NA,17.6,NA,NA,NA
CN_MM71,CN_MM71_BGC,BGC,BGC_10,64.85963,-163.69995,561624,7193444,2018-06-21,16:24,upland,Trns,0.423,-0.461,LGR,2018-06-21 16:24:00,5.076e-06,-5.532e-09,N,0,3.2,NA,0.1,19,20,NA,NA
CN_MM71,CN_MM71_BGC,BGC,BGC_10,64.85963,-163.69995,561624,7193444,2018-06-21,16:24,upland,Opq,1.532,-0.73,LGR,2018-06-21 16:24:00,1.8384e-05,-8.76e-09,N,0,3.2,NA,0.1,19,20,NA,NA
CN_MM71,CN_MM71_BGC,BGC,BGC_11,64.85941,-163.70348,561457,7193416,2018-06-21,16:40,slope,Opq,1.796,208.461,LGR,2018-06-21 16:40:00,2.1552e-05,2.501532e-06,Y,10,NA,NA,NA,19,NA,NA,NA
CN_MM71,CN_MM71_BGC,BGC,BGC_11,64.85941,-163.70348,561457,7193416,2018-06-21,16:40,slope,Trns,1.353,459.565,LGR,2018-06-21 16:40:00,1.6236e-05,5.51478e-06,Y,10,NA,NA,NA,19,NA,NA,NA
CN_MM71,CN_MM71_BGC,BGC,BGC_12,64.85974,-163.69836,561699,7193458,2018-06-21,17:19,lowland,Opq,1.805,1.295,LGR,2018-06-21 17:19:00,2.166e-05,1.554e-08,N,0,4.5,NA,2.6,19,54,55.9,35.3
CN_MM71,CN_MM71_BGC,BGC,BGC_12,64.85974,-163.69836,561699,7193458,2018-06-21,17:19,lowland,Trns,-0.78,1.486,LGR,2018-06-21 17:19:00,-9.36e-06,1.7832e-08,N,0,4.5,NA,2.6,19,54,55.9,35.3
CN_MM71,CN_MM71_BGC,BGC,BGC_13,64.8597,-163.70341,561460,7193448,2018-06-21,18:04,upland,Trns,0.135,284.315,LGR,2018-06-21 18:04:00,1.62e-06,3.41178e-06,Y,10,8.5,NA,6.5,19,80,87.6,68.9
CN_MM71,CN_MM71_BGC,BGC,BGC_13,64.8597,-163.70341,561460,7193448,2018-06-21,18:04,upland,Opq,1.906,296.036,LGR,2018-06-21 18:04:00,2.2872e-05,3.552432e-06,Y,10,8.5,NA,6.5,19,80,87.6,68.9
CN_MM71,CN_MM71_BGC,BGC,BGC_14,64.86012,-163.69757,561736,7193501,2018-06-21,17:37,upland,Trns,0.294,-0.636,LGR,2018-06-21 17:37:00,3.528e-06,-7.632e-09,N,0,4.3,NA,1.9,19,28,35.5,21.7
CN_MM71,CN_MM71_BGC,BGC,BGC_14,64.86012,-163.69757,561736,7193501,2018-06-21,17:37,upland,Opq,2.14,-1.172,LGR,2018-06-21 17:37:00,2.568e-05,-1.4064e-08,N,0,4.3,NA,1.9,19,28,35.5,21.7
CN_MM71,CN_MM71_BGC,BGC,BGC_15,64.85999,-163.69698,561764,7193487,2018-06-21,18:19,upland,Opq,1.839,0.285,LGR,2018-06-21 18:19:00,2.2068e-05,3.42e-09,N,0,5.5,NA,2.4,19,26,47.1,29.8
CN_MM71,CN_MM71_BGC,BGC,BGC_15,64.85999,-163.69698,561764,7193487,2018-06-21,18:19,upland,Trns,0.137,0.075,LGR,2018-06-21 18:19:00,1.644e-06,9e-10,N,0,5.5,NA,2.4,19,26,47.1,29.8
CN_MM71,CN_MM71_BGC,BGC,BGC_16,64.85915,-163.69208,561998,7193398,2018-06-21,12:31,slope,Trns,-1.059,0.229,LGR,2018-06-21 12:31:00,-1.2708e-05,2.748e-09,N,0,NA,NA,NA,14.2,NA,NA,NA
CN_MM71,CN_MM71_BGC,BGC,BGC_16,64.85915,-163.69208,561998,7193398,2018-06-21,12:31,slope,Opq,0.646,0.17,LGR,2018-06-21 12:31:00,7.752e-06,2.04e-09,N,0,NA,NA,NA,14.2,NA,NA,NA
CN_MM71,CN_MM71_BGC,BGC,BGC_17,64.85904,-163.69142,562030,7193386,2018-06-21,12:15,lowland,Trns,-0.624,0.961,LGR,2018-06-21 12:15:00,-7.488e-06,1.1532e-08,N,0,NA,NA,NA,14.2,NA,NA,NA
CN_MM71,CN_MM71_BGC,BGC,BGC_17,64.85904,-163.69142,562030,7193386,2018-06-21,12:15,lowland,Opq,0.853,1.168,LGR,2018-06-21 12:15:00,1.0236e-05,1.4016e-08,N,0,NA,NA,NA,14.2,NA,NA,NA
CN_MM71,CN_MM71_BGC,BGC,BGC_18,64.85911,-163.69101,562049,7193395,2018-06-21,12:01,upland,Trns,0.035,-0.097,LGR,2018-06-21 12:01:00,4.2e-07,-1.164e-09,N,0,NA,NA,NA,14.2,NA,NA,NA
CN_MM71,CN_MM71_BGC,BGC,BGC_18,64.85911,-163.69101,562049,7193395,2018-06-21,12:01,upland,Opq,1.106,-0.071,LGR,2018-06-21 12:01:00,1.3272e-05,-8.52e-10,N,0,NA,NA,NA,14.2,NA,NA,NA
CN_MM71,CN_MM71_BGC,BGC,BGC_19,64.85921,-163.69075,562061,7193406,2018-06-21,11:42,slope,Trns,0.14,0.076,LGR,2018-06-21 11:42:00,1.68e-06,9.12e-10,N,0,NA,NA,NA,14.2,NA,NA,NA
CN_MM71,CN_MM71_BGC,BGC,BGC_19,64.85921,-163.69075,562061,7193406,2018-06-21,11:42,slope,Opq,1.798,0.292,LGR,2018-06-21 11:42:00,2.1576e-05,3.504e-09,N,0,NA,NA,NA,14.2,NA,NA,NA
CN_MM71,CN_MM71_BGC,BGC,BGC_2,64.85983,-163.70351,561455,7193463,2018-06-21,14:27,slope,Opq,1.708,-0.106,LGR,2018-06-21 14:27:00,2.0496e-05,-1.272e-09,N,0,NA,NA,NA,17.6,NA,NA,NA
CN_MM71,CN_MM71_BGC,BGC,BGC_2,64.85983,-163.70351,561455,7193463,2018-06-21,14:27,slope,Trns,-0.613,0.085,LGR,2018-06-21 14:27:00,-7.356e-06,1.02e-09,N,0,NA,NA,NA,17.6,NA,NA,NA
CN_MM71,CN_MM71_BGC,BGC,BGC_20,64.85937,-163.69061,562067,7193424,2018-06-21,11:25,lowland,Opq,1.309,86.26,LGR,2018-06-21 11:25:00,1.5708e-05,1.03512e-06,N,0,NA,NA,NA,14.2,NA,NA,NA
CN_MM71,CN_MM71_BGC,BGC,BGC_20,64.85937,-163.69061,562067,7193424,2018-06-21,11:25,lowland,Trns,0.675,467.531,LGR,2018-06-21 11:25:00,8.1e-06,5.610372e-06,N,0,NA,NA,NA,14.2,NA,NA,NA
CN_MM71,CN_MM71_BGC,BGC,BGC_3,64.86009,-163.69769,561730,7193497,2018-06-21,14:41,lowland,Opq,1.323,9.824,LGR,2018-06-21 14:41:00,1.5876e-05,1.17888e-07,N,0,7.6,NA,6.2,17.6,80,71.1,48.6
CN_MM71,CN_MM71_BGC,BGC,BGC_3,64.86009,-163.69769,561730,7193497,2018-06-21,14:41,lowland,Trns,-0.285,13.186,LGR,2018-06-21 14:41:00,-3.42e-06,1.58232e-07,N,0,7.6,NA,6.2,17.6,80,71.1,48.6
CN_MM71,CN_MM71_BGC,BGC,BGC_4,64.85978,-163.69829,561702,7193462,2018-06-21,14:50,upland,Trns,0.672,112.38,LGR,2018-06-21 14:50:00,8.064e-06,1.34856e-06,N,0,7.7,NA,6.2,19,80,61,38.7
CN_MM71,CN_MM71_BGC,BGC,BGC_4,64.85978,-163.69829,561702,7193462,2018-06-21,14:50,upland,Opq,4.153,176.34,LGR,2018-06-21 14:50:00,4.9836e-05,2.11608e-06,N,0,7.7,NA,6.2,19,80,61,38.7
CN_MM71,CN_MM71_BGC,BGC,BGC_5,64.85936,-163.70338,561462,7193410,2018-06-21,15:14,slope,Trns,-0.33,-0.109,LGR,2018-06-21 15:14:00,-3.96e-06,-1.308e-09,N,0,2.4,NA,0,19,18,17.1,8.8
CN_MM71,CN_MM71_BGC,BGC,BGC_5,64.85936,-163.70338,561462,7193410,2018-06-21,15:14,slope,Opq,2.373,-0.402,LGR,2018-06-21 15:14:00,2.8476e-05,-4.824e-09,N,0,2.4,NA,0,19,18,17.1,8.8
CN_MM71,CN_MM71_BGC,BGC,BGC_6,64.85941,-163.70335,561464,7193416,2018-06-21,15:28,lowland,Opq,0.857,-0.059,LGR,2018-06-21 15:28:00,1.0284e-05,-7.08e-10,N,0,2.8,NA,-0.3,19,18,41.3,28.8
CN_MM71,CN_MM71_BGC,BGC,BGC_6,64.85941,-163.70335,561464,7193416,2018-06-21,15:28,lowland,Trns,0.37,0.112,LGR,2018-06-21 15:28:00,4.44e-06,1.344e-09,N,0,2.8,NA,-0.3,19,18,41.3,28.8
CN_MM71,CN_MM71_BGC,BGC,BGC_9,64.85976,-163.70061,561593,7193458,2018-06-21,15:54,upland,Trns,-0.218,0.139,LGR,2018-06-21 15:54:00,-2.616e-06,1.668e-09,N,0,7.1,NA,2.7,19,18,10.2,6.1
CN_MM71,CN_MM71_BGC,BGC,BGC_9,64.85976,-163.70061,561593,7193458,2018-06-21,15:54,upland,Opq,1.151,0.283,LGR,2018-06-21 15:54:00,1.3812e-05,3.396e-09,N,0,7.1,NA,2.7,19,18,10.2,6.1
CN_MM71,CN_MM71_EC,EC,EC_1,64.86172,-163.70102,561569,7193676,2018-06-22,14:20,upland,Trns,-0.067,0.301,LGR,2018-06-22 14:20:00,-8.04e-07,3.612e-09,N,0,2,NA,0.2,12.7,22,10.1,6.5
CN_MM71,CN_MM71_EC,EC,EC_1,64.86172,-163.70102,561569,7193676,2018-06-22,14:20,upland,Opq,0.741,0.243,LGR,2018-06-22 14:20:00,8.892e-06,2.916e-09,N,0,2,NA,0.2,12.7,22,10.1,6.5
CN_MM71,CN_MM71_EC,EC,EC_2,64.86169,-163.7012,561560,7193672,2018-06-22,14:12,upland,Opq,1.021,0.223,LGR,2018-06-22 14:12:00,1.2252e-05,2.676e-09,N,0,5.7,NA,-0.3,12.7,26,31.7,18.8
CN_MM71,CN_MM71_EC,EC,EC_3,64.86176,-163.70117,561561,7193680,2018-06-22,14:30,lowland,Trns,-0.542,2.374,LGR,2018-06-22 14:30:00,-6.504e-06,2.8488e-08,N,0,6.4,NA,4.3,13.5,70,50,32.2
CN_MM71,CN_MM71_EC,EC,EC_3,64.86176,-163.70117,561561,7193680,2018-06-22,14:30,lowland,Opq,0.825,2.379,LGR,2018-06-22 14:30:00,9.9e-06,2.8548e-08,N,0,6.4,NA,4.3,13.5,70,50,32.2
CN_MM71,CN_MM71_EC,EC,EC_4,64.86176,-163.70157,561543,7193679,2018-06-22,17:22,lowland,Trns,0.023,30.028,LGR,2018-06-22 17:22:00,2.76e-07,3.60336e-07,Y,9,8.2,NA,6.4,14.2,80,90.3,72.2
CN_MM71,CN_MM71_EC,EC,EC_4,64.86176,-163.70157,561543,7193679,2018-06-22,17:22,lowland,Opq,1.011,31.764,LGR,2018-06-22 17:22:00,1.2132e-05,3.81168e-07,Y,9,8.2,NA,6.4,14.2,80,90.3,72.2
CN_MM71,CN_MM71_EC,EC,EC_5,64.86208,-163.7016,561540,7193715,2018-06-22,16:50,upland,Opq,0.551,0.215,LGR,2018-06-22 16:50:00,6.612e-06,2.58e-09,N,0,0.8,NA,-0.3,14.1,18,39.1,25.3
CN_MM71,CN_MM71_EC,EC,EC_5,64.86208,-163.7016,561540,7193715,2018-06-22,16:50,upland,Trns,-1.052,0.404,LGR,2018-06-22 16:50:00,-1.2624e-05,4.848e-09,N,0,0.8,NA,-0.3,14.1,18,39.1,25.3
CN_MM71,CN_MM71_EC,EC,EC_6,64.86201,-163.70172,561535,7193707,2018-06-22,17:05,upland,Trns,-1.158,0.259,LGR,2018-06-22 17:05:00,-1.3896e-05,3.108e-09,N,0,0.8,NA,-0.2,14.2,80,26.4,14.2
CN_MM71,CN_MM71_EC,EC,EC_6,64.86201,-163.70172,561535,7193707,2018-06-22,17:05,upland,Opq,1.386,0.301,LGR,2018-06-22 17:05:00,1.6632e-05,3.612e-09,N,0,0.8,NA,-0.2,14.2,80,26.4,14.2
CN_MM71,CN_MM71_EC,EC,EC_7,64.86172,-163.70218,561514,7193674,2018-06-22,17:52,upland,Opq,0.976,0.516,LGR,2018-06-22 17:52:00,1.1712e-05,6.192e-09,N,0,2.4,NA,0.1,14.1,15,74.5,52.7
CN_MM71,CN_MM71_EC,EC,EC_7,64.86172,-163.70218,561514,7193674,2018-06-22,17:52,upland,Trns,-0.252,0.668,LGR,2018-06-22 17:52:00,-3.024e-06,8.016e-09,N,0,2.4,NA,0.1,14.1,15,74.5,52.7
CN_MM71,CN_MM71_EC,EC,EC_8,64.86195,-163.70198,561523,7193700,2018-06-22,18:00,upland,Opq,0.96,0.484,LGR,2018-06-22 18:00:00,1.152e-05,5.808e-09,N,0,1.1,NA,0,14.1,14,72.5,50.3
CN_MM71,CN_MM71_EC,EC,EC_8,64.86195,-163.70198,561523,7193700,2018-06-22,17:48,upland,Trns,-0.968,0.559,LGR,2018-06-22 17:48:00,-1.1616e-05,6.708e-09,N,0,1.1,NA,0,14.1,14,72.5,50.3
CN_MM71,CN_MM71_EC,EC,EC_9,64.861537,-163.702015,561522,7193654,2018-06-22,18:03,lowland,Trns,0.013,51.395,LGR,2018-06-22 18:03:00,1.56e-07,6.1674e-07,Y,9,8.1,NA,5,14.1,80,77.1,55.9
CN_MM71,CN_MM71_EC,EC,EC_9,64.861537,-163.702015,561522,7193654,2018-06-22,18:03,lowland,Opq,1.682,48.582,LGR,2018-06-22 18:03:00,2.0184e-05,5.82984e-07,Y,9,8.1,NA,5,14.1,80,77.1,55.9
CN_MM71,CN_MM71_MW,MW,MW_C,64.860663,-163.700755,561584,7193558,2018-06-22,12:00,upland,Trns,-2.043,0.465,LGR,2018-06-22 12:00:00,-2.4516e-05,5.58e-09,N,0,6.5,NA,1.1,12.3,28,38.1,24.2
CN_MM71,CN_MM71_MW,MW,MW_C,64.860663,-163.700755,561584,7193558,2018-06-22,12:00,upland,Opq,0.851,0.184,LGR,2018-06-22 12:00:00,1.0212e-05,2.208e-09,N,0,6.5,NA,1.1,12.3,28,38.1,24.2
CN_MM71,CN_MM71_MW,MW,MW_D,64.860695,-163.700762,561583,7193562,2018-06-22,11:51,upland,Opq,0.585,0.052,LGR,2018-06-22 11:51:00,7.02e-06,6.24e-10,N,0,1.1,NA,-0.3,12.3,15,27.1,13.8
CN_MM71,CN_MM71_MW,MW,MW_E,64.860823,-163.700318,561604,7193576,2018-06-22,13:00,lowland,Opq,0.933,115.56,LGR,2018-06-22 13:00:00,1.1196e-05,1.38672e-06,Y,3,10.4,NA,8.1,12.5,80,87.7,69.1
CN_MM71,CN_MM71_MW,MW,MW_E,64.860823,-163.700318,561604,7193576,2018-06-22,13:00,lowland,Trns,-0.158,109.451,LGR,2018-06-22 13:00:00,-1.896e-06,1.313412e-06,Y,3,10.4,NA,8.1,12.5,80,87.7,69.1
CN_MM71,CN_MM71_MW,MW,MW_F,64.860792,-163.701118,561566,7193572,2018-06-22,11:15,upland,Trns,-1.866,0.303,LGR,2018-06-22 11:15:00,-2.2392e-05,3.636e-09,N,0,5,NA,-0.3,12.1,20,17.5,8.9
CN_MM71,CN_MM71_MW,MW,MW_F,64.860792,-163.701118,561566,7193572,2018-06-22,11:15,upland,Opq,1.173,0.225,LGR,2018-06-22 11:15:00,1.4076e-05,2.7e-09,N,0,5,NA,-0.3,12.1,20,17.5,8.9
CN_MM71,CN_MM71_MW,MW,MW_G,64.860792,-163.701112,561566,7193572,2018-06-22,11:25,upland,Trns,-0.431,0.213,LGR,2018-06-22 11:25:00,-5.172e-06,2.556e-09,N,0,4,NA,-0.2,11.6,21,49.1,31.6
CN_MM71,CN_MM71_MW,MW,MW_G,64.860792,-163.701112,561566,7193572,2018-06-22,11:25,upland,Opq,0.569,0.234,LGR,2018-06-22 11:25:00,6.828e-06,2.808e-09,N,0,4,NA,-0.2,11.6,21,49.1,31.6
CN_MM71,CN_MM71_MW,MW,MW_H,64.860918,-163.69998,561620,7193587,2018-06-22,13:20,lowland,Opq,1.101,110.05,LGR,2018-06-22 13:20:00,1.3212e-05,1.3206e-06,Y,8,9.4,NA,7.6,12.5,80,84.5,65
CN_MM71,CN_MM71_MW,MW,MW_H,64.860918,-163.69998,561620,7193587,2018-06-22,13:20,lowland,Trns,-0.472,119.097,LGR,2018-06-22 13:20:00,-5.664e-06,1.429164e-06,Y,8,9.4,NA,7.6,12.5,80,84.5,65
CN_MM71,CN_MM71_MW,MW,MW_I,64.86036,-163.700287,561607,7193525,2018-06-22,12:40,upland,Trns,-1.473,1.153,LGR,2018-06-22 12:40:00,-1.7676e-05,1.3836e-08,N,0,1.5,NA,0,12.5,10,48,30.7
CN_MM71,CN_MM71_MW,MW,MW_I,64.86036,-163.700287,561607,7193525,2018-06-22,12:40,upland,Opq,0.608,0.632,LGR,2018-06-22 12:40:00,7.296e-06,7.584e-09,N,0,1.5,NA,0,12.5,10,48,30.7
CN_MM71,CN_MM71_MW,MW,MW_J,64.860387,-163.700453,561599,7193528,2018-06-22,12:29,upland,Trns,-1.155,1.175,LGR,2018-06-22 12:29:00,-1.386e-05,1.41e-08,N,0,1.3,NA,-0.2,12.5,17,60.5,38.2
CN_MM71,CN_MM71_MW,MW,MW_J,64.860387,-163.700453,561599,7193528,2018-06-22,12:29,upland,Opq,0.675,1.75,LGR,2018-06-22 12:29:00,8.1e-06,2.1e-08,N,0,1.3,NA,-0.2,12.5,17,60.5,38.2
CN_MM71,CN_MM71_EC,EC,EC_1,64.86172,-163.70102,561569,7193676,2018-07-18,15:23,upland,Opq,1.093,0.5,LGR,2018-07-18 15:23:00,1.3116e-05,6e-09,N,0,NA,NA,NA,11.2,NA,NA,NA
CN_MM71,CN_MM71_EC,EC,EC_2,64.86169,-163.7012,561560,7193672,2018-07-18,15:07,upland,Opq,1.598,0.869,LGR,2018-07-18 15:07:00,1.9176e-05,1.0428e-08,N,0,NA,NA,NA,11.2,NA,NA,NA
CN_MM71,CN_MM71_EC,EC,EC_3,64.86176,-163.70117,561561,7193680,2018-07-18,15:32,lowland,Opq,1.343,21.241,LGR,2018-07-18 15:32:00,1.6116e-05,2.54892e-07,N,0,NA,NA,NA,11.2,NA,NA,NA
CN_MM71,CN_MM71_EC,EC,EC_4,64.86176,-163.70157,561543,7193679,2018-07-18,16:18,lowland,Opq,1.525,165.373,LGR,2018-07-18 16:18:00,1.83e-05,1.984476e-06,N,0,8.6,NA,7.3,11.2,80,NA,NA
CN_MM71,CN_MM71_EC,EC,EC_5,64.86208,-163.7016,561540,7193715,2018-07-18,15:49,upland,Opq,0.991,0.575,LGR,2018-07-18 15:49:00,1.1892e-05,6.9e-09,N,0,4.9,NA,3.2,11.2,54,NA,NA
CN_MM71,CN_MM71_EC,EC,EC_6,64.86201,-163.70172,561535,7193707,2018-07-18,15:59,upland,Opq,0.781,0.697,LGR,2018-07-18 15:59:00,9.372e-06,8.364e-09,N,0,7.7,NA,2.8,11.2,43,NA,NA
CN_MM71,CN_MM71_EC,EC,EC_7,64.86172,-163.70218,561514,7193674,2018-07-18,17:01,upland,Opq,0.831,2.369,LGR,2018-07-18 17:01:00,9.972e-06,2.8428e-08,N,0,6.5,NA,4,11.2,63,NA,NA
CN_MM71,CN_MM71_EC,EC,EC_8,64.86195,-163.70198,561523,7193700,2018-07-18,16:41,upland,Opq,0.545,17.368,LGR,2018-07-18 16:41:00,6.54e-06,2.08416e-07,Y,4,6.4,NA,4.7,11.2,57,NA,NA
CN_MM71,CN_MM71_EC,EC,EC_9,64.861537,-163.702015,561522,7193654,2018-07-18,16:53,lowland,Opq,1.887,56.14,LGR,2018-07-18 16:53:00,2.2644e-05,6.7368e-07,N,0,7.8,NA,6.1,11.2,79,NA,NA
CN_MM71,CN_MM71_BGC,BGC,BGC_1,64.85995,-163.70358,561451,7193476,2018-08-31,13:38,upland,Opq,1.463,0.236,LGR,2018-08-31 13:38:00,1.7556e-05,2.832e-09,N,0,4.3,NA,2.8,11.6,46,NA,NA
CN_MM71,CN_MM71_BGC,BGC,BGC_10,64.85963,-163.69995,561624,7193444,2018-08-31,15:13,upland,Trns,0.09,-1.07,LGR,2018-08-31 15:13:00,1.08e-06,-1.284e-08,N,0,5,NA,4.6,11.6,55,NA,NA
CN_MM71,CN_MM71_BGC,BGC,BGC_10,64.85963,-163.69995,561624,7193444,2018-08-31,15:13,upland,Opq,1.16,-0.911,LGR,2018-08-31 15:13:00,1.392e-05,-1.0932e-08,N,0,5,NA,4.6,11.6,55,NA,NA
CN_MM71,CN_MM71_BGC,BGC,BGC_11,64.85941,-163.70348,561457,7193416,2018-08-31,15:23,slope,Opq,2.16,288.804,LGR,2018-08-31 15:23:00,2.592e-05,3.465648e-06,Y,12,8.3,NA,8.6,11.6,80,NA,NA
CN_MM71,CN_MM71_BGC,BGC,BGC_11,64.85941,-163.70348,561457,7193416,2018-08-31,15:23,slope,Trns,-0.463,342.914,LGR,2018-08-31 15:23:00,-5.556e-06,4.114968e-06,Y,12,8.3,NA,8.6,11.6,80,NA,NA
CN_MM71,CN_MM71_BGC,BGC,BGC_12,64.85974,-163.69836,561699,7193458,2018-08-31,15:40,lowland,Opq,2.834,15.136,LGR,2018-08-31 15:40:00,3.4008e-05,1.81632e-07,N,0,7.6,NA,6.9,11.6,67,NA,NA
CN_MM71,CN_MM71_BGC,BGC,BGC_12,64.85974,-163.69836,561699,7193458,2018-08-31,15:40,lowland,Trns,-0.845,17.796,LGR,2018-08-31 15:40:00,-1.014e-05,2.13552e-07,N,0,7.6,NA,6.9,11.6,67,NA,NA
CN_MM71,CN_MM71_BGC,BGC,BGC_13,64.8597,-163.70341,561460,7193448,2018-08-31,15:54,upland,Opq,1.364,151.578,LGR,2018-08-31 15:54:00,1.6368e-05,1.818936e-06,Y,13,9.1,NA,7.8,11.6,80,NA,NA
CN_MM71,CN_MM71_BGC,BGC,BGC_13,64.8597,-163.70341,561460,7193448,2018-08-31,15:54,upland,Trns,-0.235,155.474,LGR,2018-08-31 15:54:00,-2.82e-06,1.865688e-06,Y,13,9.1,NA,7.8,11.6,80,NA,NA
CN_MM71,CN_MM71_BGC,BGC,BGC_14,64.86012,-163.69757,561736,7193501,2018-08-31,16:09,upland,Trns,0.227,-0.32,LGR,2018-08-31 16:09:00,2.724e-06,-3.84e-09,N,0,6.7,NA,6,11.6,69,NA,NA
CN_MM71,CN_MM71_BGC,BGC,BGC_14,64.86012,-163.69757,561736,7193501,2018-08-31,16:09,upland,Opq,1.508,-0.266,LGR,2018-08-31 16:09:00,1.8096e-05,-3.192e-09,N,0,6.7,NA,6,11.6,69,NA,NA
CN_MM71,CN_MM71_BGC,BGC,BGC_15,64.85999,-163.69698,561764,7193487,2018-08-31,16:22,upland,Trns,0.083,713.323,LGR,2018-08-31 16:22:00,9.96e-07,8.559876e-06,N,0,6.3,NA,5,11.6,67,NA,NA
CN_MM71,CN_MM71_BGC,BGC,BGC_15,64.85999,-163.69698,561764,7193487,2018-08-31,16:22,upland,Opq,2.958,758.224,LGR,2018-08-31 16:22:00,3.5496e-05,9.098688e-06,N,0,6.3,NA,5,11.6,67,NA,NA
CN_MM71,CN_MM71_BGC,BGC,BGC_16,64.85915,-163.69208,561998,7193398,2018-08-31,12:52,slope,Opq,2.592,3.123,LGR,2018-08-31 12:52:00,3.1104e-05,3.7476e-08,N,0,4.5,NA,3.3,11.6,52,NA,NA
CN_MM71,CN_MM71_BGC,BGC,BGC_16,64.85915,-163.69208,561998,7193398,2018-08-31,12:52,slope,Trns,-0.293,2.706,LGR,2018-08-31 12:52:00,-3.516e-06,3.2472e-08,N,0,4.5,NA,3.3,11.6,52,NA,NA
CN_MM71,CN_MM71_BGC,BGC,BGC_17,64.85904,-163.69142,562030,7193386,2018-08-31,12:34,lowland,Trns,-0.253,-0.561,LGR,2018-08-31 12:34:00,-3.036e-06,-6.732e-09,N,0,5.5,NA,4.8,11.6,49,NA,NA
CN_MM71,CN_MM71_BGC,BGC,BGC_17,64.85904,-163.69142,562030,7193386,2018-08-31,12:34,lowland,Opq,2.306,-0.121,LGR,2018-08-31 12:34:00,2.7672e-05,-1.452e-09,N,0,5.5,NA,4.8,11.6,49,NA,NA
CN_MM71,CN_MM71_BGC,BGC,BGC_18,64.85911,-163.69101,562049,7193395,2018-08-31,12:22,upland,Opq,0.857,-0.451,LGR,2018-08-31 12:22:00,1.0284e-05,-5.412e-09,N,0,4.2,NA,3.7,11.6,52,NA,NA
CN_MM71,CN_MM71_BGC,BGC,BGC_18,64.85911,-163.69101,562049,7193395,2018-08-31,12:22,upland,Trns,0.33,-0.427,LGR,2018-08-31 12:22:00,3.96e-06,-5.124e-09,N,0,4.2,NA,3.7,11.6,52,NA,NA
CN_MM71,CN_MM71_BGC,BGC,BGC_19,64.85921,-163.69075,562061,7193406,2018-08-31,12:06,slope,Trns,-0.411,-0.298,LGR,2018-08-31 12:06:00,-4.932e-06,-3.576e-09,N,0,8.2,NA,8.2,11.6,61,NA,NA
CN_MM71,CN_MM71_BGC,BGC,BGC_19,64.85921,-163.69075,562061,7193406,2018-08-31,12:06,slope,Opq,1.101,0.267,LGR,2018-08-31 12:06:00,1.3212e-05,3.204e-09,N,0,8.2,NA,8.2,11.6,61,NA,NA
CN_MM71,CN_MM71_BGC,BGC,BGC_2,64.85983,-163.70351,561455,7193463,2018-08-31,13:55,slope,Trns,0.287,4.472,LGR,2018-08-31 13:55:00,3.444e-06,5.3664e-08,N,0,4.6,NA,3.3,11.6,52,NA,NA
CN_MM71,CN_MM71_BGC,BGC,BGC_2,64.85983,-163.70351,561455,7193463,2018-08-31,13:55,slope,Opq,1.001,5.033,LGR,2018-08-31 13:55:00,1.2012e-05,6.0396e-08,N,0,4.6,NA,3.3,11.6,52,NA,NA
CN_MM71,CN_MM71_BGC,BGC,BGC_20,64.85937,-163.69061,562067,7193424,2018-08-31,11:45,lowland,Trns,1.969,-54.169,LGR,2018-08-31 11:45:00,2.3628e-05,-6.50028e-07,Y,4,8.9,NA,9.2,11.6,80,NA,NA
CN_MM71,CN_MM71_BGC,BGC,BGC_20,64.85937,-163.69061,562067,7193424,2018-08-31,11:45,lowland,Opq,2.154,127.735,LGR,2018-08-31 11:45:00,2.5848e-05,1.53282e-06,Y,4,8.9,NA,9.2,11.6,80,NA,NA
CN_MM71,CN_MM71_BGC,BGC,BGC_3,64.86009,-163.69769,561730,7193497,2018-08-31,14:09,lowland,Trns,-0.789,146.398,LGR,2018-08-31 14:09:00,-9.468e-06,1.756776e-06,N,0,6.1,NA,7.3,11.6,80,NA,NA
CN_MM71,CN_MM71_BGC,BGC,BGC_3,64.86009,-163.69769,561730,7193497,2018-08-31,14:09,lowland,Opq,2.385,141.075,LGR,2018-08-31 14:09:00,2.862e-05,1.6929e-06,N,0,6.1,NA,7.3,11.6,80,NA,NA
CN_MM71,CN_MM71_BGC,BGC,BGC_4,64.85978,-163.69829,561702,7193462,2018-08-31,14:26,upland,Trns,-0.067,98.496,LGR,2018-08-31 14:26:00,-8.04e-07,1.181952e-06,Y,4,7.8,NA,7.8,11.6,80,NA,NA
CN_MM71,CN_MM71_BGC,BGC,BGC_4,64.85978,-163.69829,561702,7193462,2018-08-31,14:26,upland,Opq,1.311,43.42,LGR,2018-08-31 14:26:00,1.5732e-05,5.2104e-07,Y,4,7.8,NA,7.8,11.6,80,NA,NA
CN_MM71,CN_MM71_BGC,BGC,BGC_6,64.85941,-163.70335,561464,7193416,2018-08-31,14:45,lowland,Trns,2.49,0.632,LGR,2018-08-31 14:45:00,2.988e-05,7.584e-09,N,0,6.3,NA,5.6,11.6,65,NA,NA
CN_MM71,CN_MM71_BGC,BGC,BGC_6,64.85941,-163.70335,561464,7193416,2018-08-31,14:45,lowland,Opq,1.832,-0.229,LGR,2018-08-31 14:45:00,2.1984e-05,-2.748e-09,N,0,6.3,NA,5.6,11.6,65,NA,NA
CN_MM71,CN_MM71_BGC,BGC,BGC_9,64.85976,-163.70061,561593,7193458,2018-08-31,15:02,upland,Trns,-0.246,2.12,LGR,2018-08-31 15:02:00,-2.952e-06,2.544e-08,N,0,4.8,NA,4.3,11.6,60,NA,NA
CN_MM71,CN_MM71_BGC,BGC,BGC_9,64.85976,-163.70061,561593,7193458,2018-08-31,15:02,upland,Opq,0.727,3.384,LGR,2018-08-31 15:02:00,8.724e-06,4.0608e-08,N,0,4.8,NA,4.3,11.6,60,NA,NA
CN_MM71,CN_MM71_BGC,BGC,BGC_1,64.85995,-163.70358,561451,7193476,2018-07-19,13:35,upland,Opq,2.096,-0.2,Pic,2018-07-19 13:35:00,2.5152e-05,-2.4e-09,NA,NA,NA,NA,NA,NA,NA,NA,NA
CN_MM71,CN_MM71_BGC,BGC,BGC_10,64.85963,-163.69995,561624,7193444,2018-07-19,16:03,upland,Opq,0.914,-1.002,Pic,2018-07-19 16:03:00,1.0968e-05,-1.2024e-08,NA,NA,NA,NA,NA,NA,NA,NA,NA
CN_MM71,CN_MM71_BGC,BGC,BGC_11,64.85941,-163.70348,561457,7193416,2018-07-19,16:29,slope,Opq,1.907,384.473,Pic,2018-07-19 16:29:00,2.2884e-05,4.613676e-06,NA,NA,NA,NA,NA,NA,NA,NA,NA
CN_MM71,CN_MM71_BGC,BGC,BGC_12,64.85974,-163.69836,561699,7193458,2018-07-19,16:48,lowland,Opq,1.652,5.335,Pic,2018-07-19 16:48:00,1.9824e-05,6.402e-08,NA,NA,NA,NA,NA,NA,NA,NA,NA
CN_MM71,CN_MM71_BGC,BGC,BGC_13,64.8597,-163.70341,561460,7193448,2018-07-19,17:07,upland,Opq,2.634,367.676,Pic,2018-07-19 17:07:00,3.1608e-05,4.412112e-06,NA,NA,NA,NA,NA,NA,NA,NA,NA
CN_MM71,CN_MM71_BGC,BGC,BGC_14,64.86012,-163.69757,561736,7193501,2018-07-19,17:24,upland,Opq,1.009,-0.898,Pic,2018-07-19 17:24:00,1.2108e-05,-1.0776e-08,NA,NA,NA,NA,NA,NA,NA,NA,NA
CN_MM71,CN_MM71_BGC,BGC,BGC_15,64.85999,-163.69698,561764,7193487,2018-07-19,17:39,upland,Opq,1.741,17.002,Pic,2018-07-19 17:39:00,2.0892e-05,2.04024e-07,NA,NA,NA,NA,NA,NA,NA,NA,NA
CN_MM71,CN_MM71_BGC,BGC,BGC_16,64.85915,-163.69208,561998,7193398,2018-07-20,12:33,slope,Opq,0.371,0.118,Pic,2018-07-20 12:33:00,4.452e-06,1.416e-09,NA,NA,NA,NA,NA,NA,NA,NA,NA
CN_MM71,CN_MM71_BGC,BGC,BGC_17,64.85904,-163.69142,562030,7193386,2018-07-20,12:21,lowland,Opq,1.822,0.679,Pic,2018-07-20 12:21:00,2.1864e-05,8.148e-09,NA,NA,NA,NA,NA,NA,NA,NA,NA
CN_MM71,CN_MM71_BGC,BGC,BGC_18,64.85911,-163.69101,562049,7193395,2018-07-20,12:01,upland,Opq,1.554,0.881,Pic,2018-07-20 12:01:00,1.8648e-05,1.0572e-08,NA,NA,NA,NA,NA,NA,NA,NA,NA
CN_MM71,CN_MM71_BGC,BGC,BGC_19,64.85921,-163.69075,562061,7193406,2018-07-20,11:49,slope,Opq,1.194,-0.348,Pic,2018-07-20 11:49:00,1.4328e-05,-4.176e-09,NA,NA,NA,NA,NA,NA,NA,NA,NA
CN_MM71,CN_MM71_BGC,BGC,BGC_2,64.85983,-163.70351,561455,7193463,2018-07-19,13:49,slope,Opq,1.17,-0.258,Pic,2018-07-19 13:49:00,1.404e-05,-3.096e-09,NA,NA,NA,NA,NA,NA,NA,NA,NA
CN_MM71,CN_MM71_BGC,BGC,BGC_20,64.85937,-163.69061,562067,7193424,2018-07-20,11:34,lowland,Opq,2.519,-0.02,Pic,2018-07-20 11:34:00,3.0228e-05,-2.4e-10,NA,NA,NA,NA,NA,NA,NA,NA,NA
CN_MM71,CN_MM71_BGC,BGC,BGC_3,64.86009,-163.69769,561730,7193497,2018-07-19,14:14,lowland,Opq,1.327,26.992,Pic,2018-07-19 14:14:00,1.5924e-05,3.23904e-07,NA,NA,NA,NA,NA,NA,NA,NA,NA
CN_MM71,CN_MM71_BGC,BGC,BGC_4,64.85978,-163.69829,561702,7193462,2018-07-19,14:51,upland,Opq,4.866,475.774,Pic,2018-07-19 14:51:00,5.8392e-05,5.709288e-06,NA,NA,NA,NA,NA,NA,NA,NA,NA
CN_MM71,CN_MM71_BGC,BGC,BGC_5,64.85936,-163.70338,561462,7193410,2018-07-19,14:29,slope,Opq,1.379,-0.461,Pic,2018-07-19 14:29:00,1.6548e-05,-5.532e-09,NA,NA,NA,NA,NA,NA,NA,NA,NA
CN_MM71,CN_MM71_BGC,BGC,BGC_6,64.85941,-163.70335,561464,7193416,2018-07-19,15:26,lowland,Opq,0.54,-0.194,Pic,2018-07-19 15:26:00,6.48e-06,-2.328e-09,NA,NA,NA,NA,NA,NA,NA,NA,NA
CN_MM71,CN_MM71_BGC,BGC,BGC_9,64.85976,-163.70061,561593,7193458,2018-07-19,15:43,upland,Opq,0.468,0.203,Pic,2018-07-19 15:43:00,5.616e-06,2.436e-09,NA,NA,NA,NA,NA,NA,NA,NA,NA
CN_MM71,CN_MM71_EC,EC,EC_1,64.86172,-163.70102,561569,7193676,2018-07-18,16:44,upland,Opq,1.034,0.536,Pic,2018-07-18 16:44:00,1.2408e-05,6.432e-09,N,0,NA,NA,NA,11.2,NA,NA,NA
CN_MM71,CN_MM71_EC,EC,EC_2,64.86169,-163.7012,561560,7193672,2018-07-18,16:26,upland,Opq,2.044,0.875,Pic,2018-07-18 16:26:00,2.4528e-05,1.05e-08,N,0,NA,NA,NA,11.2,NA,NA,NA
CN_MM71,CN_MM71_EC,EC,EC_3,64.86176,-163.70117,561561,7193680,2018-07-18,16:52,lowland,Opq,1.14,19.393,Pic,2018-07-18 16:52:00,1.368e-05,2.32716e-07,N,0,NA,NA,NA,11.2,NA,NA,NA
CN_MM71,CN_MM71_EC,EC,EC_4,64.86176,-163.70157,561543,7193679,2018-07-18,17:23,lowland,Opq,1.226,174.598,Pic,2018-07-18 17:23:00,1.4712e-05,2.095176e-06,N,0,8.6,NA,7.3,11.2,80,NA,NA
CN_MM71,CN_MM71_EC,EC,EC_5,64.86208,-163.7016,561540,7193715,2018-07-18,17:15,upland,Opq,0.654,0.414,Pic,2018-07-18 17:15:00,7.848e-06,4.968e-09,N,0,4.9,NA,3.2,11.2,54,NA,NA
CN_MM71,CN_MM71_EC,EC,EC_6,64.86201,-163.70172,561535,7193707,2018-07-18,17:06,upland,Opq,0.691,0.741,Pic,2018-07-18 17:06:00,8.292e-06,8.892e-09,N,0,7.7,NA,2.8,11.2,43,NA,NA
CN_MM71,CN_MM71_EC,EC,EC_7,64.86172,-163.70218,561514,7193674,2018-07-18,17:35,upland,Opq,0.838,3.009,Pic,2018-07-18 17:35:00,1.0056e-05,3.6108e-08,N,0,6.5,NA,4,11.2,63,NA,NA
CN_MM71,CN_MM71_EC,EC,EC_8,64.86195,-163.70198,561523,7193700,2018-07-18,17:44,upland,Opq,0.537,21.572,Pic,2018-07-18 17:44:00,6.444e-06,2.58864e-07,Y,4,6.4,NA,4.7,11.2,57,NA,NA
CN_MM71,CN_MM71_EC,EC,EC_9,64.861537,-163.702015,561522,7193654,2018-07-18,17:54,lowland,Opq,1.766,53.796,Pic,2018-07-18 17:54:00,2.1192e-05,6.45552e-07,N,0,7.8,NA,6.1,11.2,79,NA,NA
CN_MM71,CN_MM71_BGC,BGC,BGC_1,64.85995,-163.70358,561451,7193476,2019-06-20,12:50,upland,Trns,-0.764,-0.061,Pic,2019-06-20 12:50:00,-9.168e-06,-7.32e-10,N,0,10.9,7.1,NA,18.4,24,10.8,6.3
CN_MM71,CN_MM71_BGC,BGC,BGC_10,64.85963,-163.69995,561624,7193444,2019-06-20,13:44,upland,Trns,-0.481,-0.676,Pic,2019-06-20 13:44:00,-5.772e-06,-8.112e-09,N,0,12.1,5.6,NA,18.8,25,55.5,35.3
CN_MM71,CN_MM71_BGC,BGC,BGC_11,64.85941,-163.70348,561457,7193416,2019-06-20,13:56,slope,Trns,0.24,1050.337,Pic,2019-06-20 13:56:00,2.88e-06,1.2604044e-05,Y,8.5,14.1,11.1,NA,18.8,118,80.9,60.5
CN_MM71,CN_MM71_BGC,BGC,BGC_12,64.85974,-163.69836,561699,7193458,2019-06-20,14:19,lowland,Trns,-2.025,13.247,Pic,2019-06-20 14:19:00,-2.43e-05,1.58964e-07,N,0,15.1,9.6,NA,19.2,91,61.3,39
CN_MM71,CN_MM71_BGC,BGC,BGC_14,64.86012,-163.69757,561736,7193501,2019-06-20,14:43,upland,Trns,-0.71,-0.875,Pic,2019-06-20 14:43:00,-8.52e-06,-1.05e-08,N,0,9.4,4.1,NA,19.2,29,27.9,15.5
CN_MM71,CN_MM71_BGC,BGC,BGC_15,64.85999,-163.69698,561764,7193487,2019-06-20,14:53,upland,Trns,-0.65,623.367,Pic,2019-06-20 14:53:00,-7.8e-06,7.480404e-06,N,0,11.1,5.3,NA,19.1,64,51.8,33.2
CN_MM71,CN_MM71_BGC,BGC,BGC_16,64.85915,-163.69208,561998,7193398,2019-06-20,18:38,slope,Trns,-1.669,0.183,Pic,2019-06-20 18:38:00,-2.0028e-05,2.196e-09,N,0,15.5,10,NA,17.7,21,12.7,7
CN_MM71,CN_MM71_BGC,BGC,BGC_17,64.85904,-163.69142,562030,7193386,2019-06-20,18:19,lowland,Trns,-1.1,1.252,Pic,2019-06-20 18:19:00,-1.32e-05,1.5024e-08,N,0,10.3,5.1,NA,17.7,21,19.7,9.9
CN_MM71,CN_MM71_BGC,BGC,BGC_18,64.85911,-163.69101,562049,7193395,2019-06-20,18:15,upland,Trns,0.631,0.295,Pic,2019-06-20 18:15:00,7.572e-06,3.54e-09,N,0,10.7,3.1,NA,17.7,19,3.5,3.3
CN_MM71,CN_MM71_BGC,BGC,BGC_19,64.85921,-163.69075,562061,7193406,2019-06-20,17:58,slope,Trns,1.283,1.598,Pic,2019-06-20 17:58:00,1.5396e-05,1.9176e-08,N,0,11.2,8.2,NA,18.4,19,50.4,32.5
CN_MM71,CN_MM71_BGC,BGC,BGC_2,64.85983,-163.70351,561455,7193463,2019-06-20,12:57,slope,Trns,-1.115,0.022,Pic,2019-06-20 12:57:00,-1.338e-05,2.64e-10,N,0,9.5,3.1,NA,18.4,25,29.4,16.9
CN_MM71,CN_MM71_BGC,BGC,BGC_20,64.85937,-163.69061,562067,7193424,2019-06-20,17:50,lowland,Trns,-2.809,248.618,Pic,2019-06-20 17:50:00,-3.3708e-05,2.983416e-06,Y,0.5,13.6,11.3,NA,18.4,95,52.3,33.3
CN_MM71,CN_MM71_BGC,BGC,BGC_3,64.86009,-163.69769,561730,7193497,2019-06-20,13:03,lowland,Trns,-0.385,53.751,Pic,2019-06-20 13:03:00,-4.62e-06,6.45012e-07,N,0,8.8,6.8,NA,18.4,99,68,45.4
CN_MM71,CN_MM71_BGC,BGC,BGC_4,64.85978,-163.69829,561702,7193462,2019-06-20,13:22,upland,Trns,-0.549,311.546,Pic,2019-06-20 13:22:00,-6.588e-06,3.738552e-06,N,0,12.5,9.4,NA,18.8,118,72.3,50
CN_MM71,CN_MM71_BGC,BGC,BGC_6,64.85941,-163.70335,561464,7193416,2019-06-20,13:15,lowland,Trns,0.398,0.007,Pic,2019-06-20 13:15:00,4.776e-06,8.4e-11,N,0,11,7.6,NA,18.4,21,62.2,39.9
CN_MM71,CN_MM71_BGC,BGC,BGC_9,64.85976,-163.70061,561593,7193458,2019-06-20,13:37,upland,Trns,-1.46,0.054,Pic,2019-06-20 13:37:00,-1.752e-05,6.48e-10,N,0,12.7,6.8,NA,18.8,19,30.7,18
CN_MM71,CN_MM71_BGC,BGC,BGC_1,64.85995,-163.70358,561451,7193476,2019-06-20,15:41,upland,Opq,2.139,-0.098,Pic,2019-06-20 15:41:00,2.5668e-05,-1.176e-09,N,0,10.9,7.1,NA,18.4,24,10.8,6.3
CN_MM71,CN_MM71_BGC,BGC,BGC_10,64.85963,-163.69995,561624,7193444,2019-06-20,16:26,upland,Opq,1.6,-0.658,Pic,2019-06-20 16:26:00,1.92e-05,-7.896e-09,N,0,12.1,5.6,NA,18.8,25,55.5,35.3
CN_MM71,CN_MM71_BGC,BGC,BGC_11,64.85941,-163.70348,561457,7193416,2019-06-20,16:35,slope,Opq,2.636,1259.705,Pic,2019-06-20 16:35:00,3.1632e-05,1.511646e-05,Y,8.5,14.1,11.1,NA,18.8,118,80.9,60.5
CN_MM71,CN_MM71_BGC,BGC,BGC_12,64.85974,-163.69836,561699,7193458,2019-06-20,16:46,lowland,Opq,3.432,11.574,Pic,2019-06-20 16:46:00,4.1184e-05,1.38888e-07,N,0,15.1,9.6,NA,19.2,91,61.3,39
CN_MM71,CN_MM71_BGC,BGC,BGC_14,64.86012,-163.69757,561736,7193501,2019-06-20,17:08,upland,Opq,1.365,-0.916,Pic,2019-06-20 17:08:00,1.638e-05,-1.0992e-08,N,0,9.4,4.1,NA,19.2,29,27.9,15.5
CN_MM71,CN_MM71_BGC,BGC,BGC_15,64.85999,-163.69698,561764,7193487,2019-06-20,17:17,upland,Opq,1.827,6.234,Pic,2019-06-20 17:17:00,2.1924e-05,7.4808e-08,N,0,11.1,5.3,NA,19.1,64,51.8,33.2
CN_MM71,CN_MM71_BGC,BGC,BGC_16,64.85915,-163.69208,561998,7193398,2019-06-20,18:44,slope,Opq,1.635,0.069,Pic,2019-06-20 18:44:00,1.962e-05,8.28e-10,N,0,15.5,10,NA,17.7,21,12.7,7
CN_MM71,CN_MM71_BGC,BGC,BGC_17,64.85904,-163.69142,562030,7193386,2019-06-20,18:30,lowland,Opq,1.296,0.624,Pic,2019-06-20 18:30:00,1.5552e-05,7.488e-09,N,0,10.3,5.1,NA,17.7,21,19.7,9.9
CN_MM71,CN_MM71_BGC,BGC,BGC_18,64.85911,-163.69101,562049,7193395,2019-06-20,18:25,upland,Opq,1.208,1.128,Pic,2019-06-20 18:25:00,1.4496e-05,1.3536e-08,N,0,10.7,3.1,NA,17.7,19,3.5,3.3
CN_MM71,CN_MM71_BGC,BGC,BGC_19,64.85921,-163.69075,562061,7193406,2019-06-20,18:08,slope,Opq,2.08,2.344,Pic,2019-06-20 18:08:00,2.496e-05,2.8128e-08,N,0,11.2,8.2,NA,18.4,19,50.4,32.5
CN_MM71,CN_MM71_BGC,BGC,BGC_2,64.85983,-163.70351,561455,7193463,2019-06-20,15:45,slope,Opq,2.511,-0.247,Pic,2019-06-20 15:45:00,3.0132e-05,-2.964e-09,N,0,9.5,3.1,NA,18.4,25,29.4,16.9
CN_MM71,CN_MM71_BGC,BGC,BGC_20,64.85937,-163.69061,562067,7193424,2019-06-20,18:03,lowland,Opq,2.989,214.257,Pic,2019-06-20 18:03:00,3.5868e-05,2.571084e-06,Y,0.5,13.6,11.3,NA,18.4,95,52.3,33.3
CN_MM71,CN_MM71_BGC,BGC,BGC_3,64.86009,-163.69769,561730,7193497,2019-06-20,15:51,lowland,Opq,1.829,27.333,Pic,2019-06-20 15:51:00,2.1948e-05,3.27996e-07,N,0,8.8,6.8,NA,18.4,99,68,45.4
CN_MM71,CN_MM71_BGC,BGC,BGC_4,64.85978,-163.69829,561702,7193462,2019-06-20,16:03,upland,Opq,5.439,54.816,Pic,2019-06-20 16:03:00,6.5268e-05,6.57792e-07,N,0,12.5,9.4,NA,18.8,118,72.3,50
CN_MM71,CN_MM71_BGC,BGC,BGC_6,64.85941,-163.70335,561464,7193416,2019-06-20,15:58,lowland,Opq,1.239,-0.179,Pic,2019-06-20 15:58:00,1.4868e-05,-2.148e-09,N,0,11,7.6,NA,18.4,21,62.2,39.9
CN_MM71,CN_MM71_BGC,BGC,BGC_9,64.85976,-163.70061,561593,7193458,2019-06-20,16:19,upland,Opq,1.101,0.1,Pic,2019-06-20 16:19:00,1.3212e-05,1.2e-09,N,0,12.7,6.8,NA,18.8,19,30.7,18
CN_MM71,CN_MM71_EC,EC,EC_1,64.86172,-163.70102,561569,7193676,2019-06-26,12:51,upland,Trns,-0.87,0.126,Pic,2019-06-26 12:51:00,-1.044e-05,1.512e-09,N,0,7.8,4.1,NA,15.27,25,53,33.8
CN_MM71,CN_MM71_EC,EC,EC_2,64.86169,-163.7012,561560,7193672,2019-06-26,12:56,upland,Trns,-1.309,3.873,Pic,2019-06-26 12:56:00,-1.5708e-05,4.6476e-08,N,0,11.1,7.2,NA,15.27,19,28.3,15.9
CN_MM71,CN_MM71_EC,EC,EC_3,64.86176,-163.70117,561561,7193680,2019-06-26,13:02,lowland,Trns,1.025,33.175,Pic,2019-06-26 13:02:00,1.23e-05,3.981e-07,N,0,9.5,7.1,NA,15.27,92,49.4,31.9
CN_MM71,CN_MM71_EC,EC,EC_4,64.86176,-163.70157,561543,7193679,2019-06-26,13:55,lowland,Trns,-0.44,8.193,Pic,2019-06-26 13:55:00,-5.28e-06,9.8316e-08,N,0,9.9,7.7,NA,15.81,84,72,49.7
CN_MM71,CN_MM71_EC,EC,EC_5,64.86208,-163.7016,561540,7193715,2019-06-26,13:16,upland,Trns,-0.761,4.551,Pic,2019-06-26 13:16:00,-9.132e-06,5.4612e-08,N,0,9.1,4,NA,15.41,27,32,18.9
CN_MM71,CN_MM71_EC,EC,EC_6,64.86201,-163.70172,561535,7193707,2019-06-26,13:23,upland,Trns,-0.242,0.171,Pic,2019-06-26 13:23:00,-2.904e-06,2.052e-09,N,0,14.1,9.7,NA,15.41,26,21.1,10.6
CN_MM71,CN_MM71_EC,EC,EC_7,64.86172,-163.70218,561514,7193674,2019-06-26,13:32,upland,Trns,0.043,2.322,Pic,2019-06-26 13:32:00,5.16e-07,2.7864e-08,N,0,11.3,7.5,NA,15.41,62,65.8,35.3
CN_MM71,CN_MM71_EC,EC,EC_8,64.86195,-163.70198,561523,7193700,2019-06-26,13:39,upland,Trns,-1.687,9.934,Pic,2019-06-26 13:39:00,-2.0244e-05,1.19208e-07,N,0,8.5,5.5,NA,15.41,30,55.6,43.3
CN_MM71,CN_MM71_EC,EC,EC_9,64.861537,-163.702015,561522,7193654,2019-06-26,13:46,lowland,Trns,-0.332,39.873,Pic,2019-06-26 13:46:00,-3.984e-06,4.78476e-07,N,0,9.8,7.5,NA,15.81,83,48.4,31
CN_MM71,CN_MM71_EC,EC,EC_1,64.86172,-163.70102,561569,7193676,2019-06-26,14:51,upland,Opq,2.83,0.226,Pic,2019-06-26 14:51:00,3.396e-05,2.712e-09,N,0,7.8,4.1,NA,15.27,25,53,33.8
CN_MM71,CN_MM71_EC,EC,EC_2,64.86169,-163.7012,561560,7193672,2019-06-26,14:46,upland,Opq,3.884,3.872,Pic,2019-06-26 14:46:00,4.6608e-05,4.6464e-08,N,0,11.1,7.2,NA,15.27,19,28.3,15.9
CN_MM71,CN_MM71_EC,EC,EC_3,64.86176,-163.70117,561561,7193680,2019-06-26,14:58,lowland,Opq,1.084,11.664,Pic,2019-06-26 14:58:00,1.3008e-05,1.39968e-07,N,0,9.5,7.1,NA,15.27,92,49.4,31.9
CN_MM71,CN_MM71_EC,EC,EC_4,64.86176,-163.70157,561543,7193679,2019-06-26,14:11,lowland,Opq,1.292,5.548,Pic,2019-06-26 14:11:00,1.5504e-05,6.6576e-08,N,0,9.9,7.7,NA,15.81,84,72,49.7
CN_MM71,CN_MM71_EC,EC,EC_5,64.86208,-163.7016,561540,7193715,2019-06-26,14:06,upland,Opq,1.701,268.025,Pic,2019-06-26 14:06:00,2.0412e-05,3.2163e-06,N,0,9.1,4,NA,15.41,27,32,18.9
CN_MM71,CN_MM71_EC,EC,EC_6,64.86201,-163.70172,561535,7193707,2019-06-26,14:20,upland,Opq,1.765,0.058,Pic,2019-06-26 14:20:00,2.118e-05,6.96e-10,N,0,14.1,9.7,NA,15.41,26,21.1,10.6
CN_MM71,CN_MM71_EC,EC,EC_7,64.86172,-163.70218,561514,7193674,2019-06-26,14:30,upland,Opq,1.2,1.966,Pic,2019-06-26 14:30:00,1.44e-05,2.3592e-08,N,0,11.3,7.5,NA,15.41,62,65.8,35.3
CN_MM71,CN_MM71_EC,EC,EC_8,64.86195,-163.70198,561523,7193700,2019-06-26,14:39,upland,Opq,4.688,9.9,Pic,2019-06-26 14:39:00,5.6256e-05,1.188e-07,N,0,8.5,5.5,NA,15.41,30,55.6,43.3
CN_MM71,CN_MM71_EC,EC,EC_9,64.861537,-163.702015,561522,7193654,2019-06-26,14:34,lowland,Opq,1.299,38.204,Pic,2019-06-26 14:34:00,1.5588e-05,4.58448e-07,N,0,9.8,7.5,NA,15.81,83,48.4,31
NA,NA,NA,BGC_1,NA,NA,NA,NA,2017-07-12,NA,upland,NA,NA,NA,NA,NA,NA,NA,N,0,13.8,NA,2,25.9,30,77.6,56.4
NA,NA,NA,BGC_2,NA,NA,NA,NA,2017-07-12,NA,slope,NA,NA,NA,NA,NA,NA,NA,N,0,12.8,NA,1.2,25.9,33,7.6,5
NA,NA,NA,BGC_3,NA,NA,NA,NA,2017-07-12,NA,lowland,NA,NA,NA,NA,NA,NA,NA,N,0,9.4,NA,5.7,25.9,38,51.9,33.2
NA,NA,NA,BGC_4,NA,NA,NA,NA,2017-07-12,NA,upland,NA,NA,NA,NA,NA,NA,NA,N,0,11.1,NA,6.1,26.7,36,50.2,32.3
NA,NA,NA,BGC_5,NA,NA,NA,NA,2017-07-12,NA,slope,NA,NA,NA,NA,NA,NA,NA,N,0,12.7,NA,4,27.5,36,6.9,4.7
NA,NA,NA,EC_5,NA,NA,NA,NA,2017-07-15,NA,upland,NA,NA,NA,NA,NA,NA,NA,N,0,9.2,NA,2.3,15.9,32,8.8,5.5
NA,NA,NA,EC_7,NA,NA,NA,NA,2017-07-15,NA,upland,NA,NA,NA,NA,NA,NA,NA,N,0,8.6,NA,2.9,15.9,37,62.8,40.4
NA,NA,NA,BGC_15,NA,NA,NA,NA,2017-07-17,NA,upland,NA,NA,NA,NA,NA,NA,NA,N,0,9.5,NA,3.1,14,NA,25.1,12.9
NA,NA,NA,MW_C,NA,NA,NA,NA,2017-07-17,NA,upland,NA,NA,NA,NA,NA,NA,NA,N,0,9.2,NA,2.9,14,NA,25.7,13.5
